<?xml version="1.0" encoding="utf-8"?>
<accessConfigRoot>
<version>20191120</version>
<dmsConfig>
<language>english</language>
<refreshFreq>5000</refreshFreq>
<enabled>1</enabled>
<master>0</master>
<defaultPictureThumbnailPath>icon/picture_normal.jpg</defaultPictureThumbnailPath> <!-- Absolute path starting with '/'; Relative path to working directory starting with '.'; Other path starting from configDirectory-->
<defaultMusicThumbnailPath>icon/music_normal.jpg</defaultMusicThumbnailPath> <!-- Absolute path starting with '/'; Relative path to working directory starting with '.'; Other path starting from configDirectory-->
<defaultVideoThumbnailPath>icon/video_normal.jpg</defaultVideoThumbnailPath> <!-- Absolute path starting with '/'; Relative path to working directory starting with '.'; Other path starting from configDirectory-->
<defaultPictureMedThumbnailPath>icon/picture_large.jpg</defaultPictureMedThumbnailPath> <!-- Absolute path starting with '/'; Relative path to working directory starting with '.'; Other path starting from configDirectory-->
<defaultMusicMedThumbnailPath>icon/music_large.jpg</defaultMusicMedThumbnailPath> <!-- Absolute path starting with '/'; Relative path to working directory starting with '.'; Other path starting from configDirectory-->
<defaultVideoMedThumbnailPath>icon/video_large.jpg</defaultVideoMedThumbnailPath> <!-- Absolute path starting with '/'; Relative path to working directory starting with '.'; Other path starting from configDirectory-->
<storageMessageFifo>/tmp/dms_ipc</storageMessageFifo>
<storeEmbeddedAlbumArtsOnDisc>0</storeEmbeddedAlbumArtsOnDisc>
<maxStreamSessions>0</maxStreamSessions> <!-- Maximum number of open streaming sessions; 0 to unlimit number of open http streaming sessions, value >0 to limit parallel streaming sessions -->
<mpeServerResponseTimeOut>60</mpeServerResponseTimeOut> <!-- In Seconds; -1 for disable usage of timeout, value >= 0 to set value in seconds (0 waits forever) -->
<!-- Content Aggregation configurations -->
<contentAggregationEnable>0</contentAggregationEnable>
<contentAggregationPath>./dms_data</contentAggregationPath> <!-- Absolute path starting with '/'; Relative path to working directory starting with '.'; Other path starting from configDirectory-->
<contentAggregationPathSelectionMode>0</contentAggregationPathSelectionMode> <!-- If 1 path should be selected manually, if 0 path will be selected automatically (if contentAggregationPath is not specified first storage is selected-->
<contentAggregationDatabaseLimit>512</contentAggregationDatabaseLimit> <!-- Database size limit in MBytes, 0 means no limit util storage space is out -->
<contentAggregationPurgeEnable>0</contentAggregationPurgeEnable> <!-- Enable purge invalid database record, default is false -->
<contentAggregationPurgeTime>1</contentAggregationPurgeTime> <!-- Time to purge invalid database record such as those from invalid slave DMS, 0 for 0am, 1 for 1am, 23 for 11pm  -->
<contentAggregationRescanTime>600</contentAggregationRescanTime> <!-- Period for re-scan CA contents from all slave DMS in seconds -->
<!-- SSDP M-Search Params, configure these values according to the requirements but please ensure you do not violate specifications -->
<ssdpNotifyInterval>290</ssdpNotifyInterval>   	       	<!-- In Seconds - SSDP:ALIVE Advertisements Interval -->
<ssdpNotifyMsgDelay>400</ssdpNotifyMsgDelay>            <!-- In Milliseconds - Delay between each copy of ssdp:alive advertisement set -->
<ssdpNotifyMaxAge>1800</ssdpNotifyMaxAge>               <!-- In Seconds - Cache-Control Max-Age -->
<ssdpNotifyMsgCopyCount>3</ssdpNotifyMsgCopyCount>      <!-- Number of ssdp:alive message copies, if value is set to 2, then in total 3 advertisement sets are sent -->
<ssdpNotifyPacketDelay>40</ssdpNotifyPacketDelay>       <!-- In Milliseconds - Delay between each packet to slice the packets to fit into 200ms window for 10 packets -->
<ssdpNotifyReplyCopyCount>1</ssdpNotifyReplyCopyCount>  <!-- Number of msearch reply message copies, if value is set to 2, then in total 3 advertisement sets are sent -->
<!-- STORAGE MEMCHECK - AVAILABLE MEMORY ON THE STORAGE FOR INDEXING AND REBUILD -->
<memCheckMemoryLimit>64</memCheckMemoryLimit>         <!-- In MegaBytes - It is the minimum amount of memory required for Indexing or Re-Indexing on the Storage during start and during every memCheckRepeatCount -->
<memCheckRepeatCount>10000</memCheckRepeatCount>         <!-- Memory Check is repeated every memCheckRepeatCount during Indexing or Rebuild -->
<webuiPort>5566</webuiPort>
<PalDmsUpnpPortMin>2869</PalDmsUpnpPortMin>
<MpeServerPort>9978</MpeServerPort>
<localDBWAL>1</localDBWAL>                           <!-- Set this to 1 to enable WAL Journaling for Local Databases, or 0 to enale Rollback Journaling -->
<databaseCheckpoint>1000</databaseCheckpoint>         <!-- Set this to configure after how many items checkpoint will be triggered -->
<PartialIndexingTN>0</PartialIndexingTN>             <!-- Set this to 0 to disable Thumbnails Generation during Partial Indexing -->
<thumbnailRebuildInterval>20</thumbnailRebuildInterval> <!-- In Seconds - Change this value to the desired interval when the thumbnails rebuild should be triggerred-->
<jpegRescale method="line_by_line" memory_limit="3679683" /> <!-- Jpeg rescale routine configuration. method="line_by_line", no options. method="whole_image", option memory_limit="value" memory available to routine in bytes -->
<disableEmptyContainers>0</disableEmptyContainers>   <!-- Set this to 1 to hide containers without playable content, or 0 to keep them visible -->
<downloadSupport>1</downloadSupport>
<uploadDeviceOption>1</uploadDeviceOption>
<uploadFolderSelectionMode>0</uploadFolderSelectionMode> <!-- If 1 path should be selected manually, if 0 path will be selected automatically (if upload path is not specyfied first storage is selected) -->
<uploadMaxLimit>5</uploadMaxLimit> <!-- Specify the max number of files which can be uploaded simultaneously -->
<uploadHttpBufferSize>262144</uploadHttpBufferSize> <!-- Size in bytes -->
<uploadOnlyDefaultFolder>0</uploadOnlyDefaultFolder><!-- Set this to 0 to decide upload folder by the containerID, or 1 to upload alway to the default upload folder  -->
<jpegScaleLRG>0</jpegScaleLRG>
<jpegScaleMED>0</jpegScaleMED>
<jpegScaleSM>0</jpegScaleSM>
<jpegScaleTN>1</jpegScaleTN>
<maxStorageCount>50</maxStorageCount>
<rightsManagementEnable>0</rightsManagementEnable><!--0:RM is not enabled 1: RM is enabled -->
<defaultGroup>4</defaultGroup> <!-- 8-Owner only, 6-Family&Friend, 4-Family, 2-Friend -->
<enableThumbnail>1</enableThumbnail> <!-- Enable/disable thumbnail generation for all media types -->
<enableNonJPEGThumbnail>0</enableNonJPEGThumbnail> <!-- Enable/disable thumbnail generation for non-JPEG media types -->
<enableFullHDJPEGThumbnail>1</enableFullHDJPEGThumbnail> <!-- Enable/disable thumbnail generation for JPEG resolution larger than Full HD -->
<dbMaxLimitForSelectMetadata>50</dbMaxLimitForSelectMetadata>
<dbMaxLimitForSelectTNGeneration>50</dbMaxLimitForSelectTNGeneration>
<dbMaxItemsForUPnPIndexing>250</dbMaxItemsForUPnPIndexing>
<dbMaxItemsForMetadataIndexing>50</dbMaxItemsForMetadataIndexing>
<maxReqCount>50</maxReqCount>
<allowTPApps>0</allowTPApps>
<loopbackDMS>0</loopbackDMS>
<!--  Media type based indexing configurations -->
<enableAudio>1</enableAudio> <!-- 1: Enable indexing of audio files 0: Disable indexing of audio files-->
<enableVideo>1</enableVideo> <!-- 1: Enable indexing of video files 0: Disable indexing of video files-->
<enableImage>1</enableImage> <!-- 1: Enable indexing of image files 0: Disable indexing of image files-->
<enableDocument>1</enableDocument> <!-- 1: Enable indexing of document files 0: Disable indexing of document files-->
</dmsConfig>
<netConfig>
<netInterface>bdg2</netInterface>
</netConfig>
<web>
<presentationURL>http://192.168.29.1/</presentationURL>
<webpageConfig>
<maxContentPerPage>5</maxContentPerPage>
<maxContentList>50</maxContentList>
</webpageConfig>
</web>
<mountNotifier>
<addEventDelay>5</addEventDelay> <!-- Initial delay in seconds when add event was receveived. -->
<addEventMtabCheckCount>12</addEventMtabCheckCount> <!-- Try x times to check mtab file. -->
<addEventMtabCheckRetryDelay>5</addEventMtabCheckRetryDelay> <!-- Mtab file check retry delay in seconds. Total time to check = addEventDelay + (addEventMtabCheckCount * addEventMtabCheckRetryDelay). -->
</mountNotifier>
<logFile>
<logFileMaxSize>1048576</logFileMaxSize>
<logFileClearOldEntriesSize>102400</logFileClearOldEntriesSize>
<logFileShiftBufferSize>524288</logFileShiftBufferSize>
</logFile>
</accessConfigRoot>
