<?xml version="1.0" encoding="utf-8"?>
<scpd xmlns="urn:schemas-upnp-org:service-1-0">
	<serviceStateTable>
		<stateVariable>
			<name>SystemInfo</name>
			<sendEventsAttribute>no</sendEventsAttribute>
			<dataType>string</dataType>
		</stateVariable>

		<stateVariable>
			<name>SystemInfoUpdateID</name>
			<sendEventsAttribute>yes</sendEventsAttribute>
			<dataType>ui4</dataType>
		</stateVariable>

		<stateVariable>
			<name>A_ARG_TYPE_UUID</name>
			<sendEventsAttribute>no</sendEventsAttribute>
			<dataType>string</dataType>
		</stateVariable>

		<stateVariable>
			<name>A_ARG_TYPE_FilterList</name>
			<sendEventsAttribute>no</sendEventsAttribute>
			<dataType>string</dataType>
		</stateVariable>
	</serviceStateTable>

	<actionList>
		<action>
			<name>EditFilter</name>
			<argumentList>
				<argument>
					<name>Filter</name>
					<direction>in</direction>
					<relatedStateVariable>A_ARG_TYPE_FilterList</relatedStateVariable>
				</argument>
			</argumentList>
		</action>

		<action>
			<name>GetSystemInfo</name>
			<argumentList>
				<argument>
					<name>ID</name>
					<direction>in</direction>
					<relatedStateVariable>A_ARG_TYPE_UUID</relatedStateVariable>
				</argument>
				<argument>
					<name>SystemInfo</name>
					<direction>out</direction>
					<relatedStateVariable>SystemInfo</relatedStateVariable>
				</argument>
			</argumentList>
		</action>
	</actionList>
</scpd>