<?xml version="1.0" encoding="UTF-8"?>
<CLISH_MODULE xmlns="http://clish.sourceforge.net/XMLSchema" 
			  xmlns:xsi="http://www.w3.org/2001/XMLSchema-instance" 
			  xsi:schemaLocation="http://clish.sourceforge.net/XMLSchema
              http://clish.sourceforge.net/XMLSchema/clish.xsd">
    <!--===================================================-->
    <COMMAND name="show net aliasip"
	     help="Show Alias IP Configuration.">
	<DETAIL>
This commands shows the configuartion for the additional IP address
for managing the system.

&lt;IP Address&gt;: Static IP address to assign as the alias to
the bridged interface.
&lt;IP Subnet Mask&gt;: IPv4 Subnet Mask
	</DETAIL>
        <ACTION>lua clishCmdExec (aliasipGet, "bdg:0")</ACTION>
    </COMMAND>
    <!--===================================================-->
    <COMMAND name="show net lansetup"
	     help="Show LAN Configuration.">
	<DETAIL>
This command shows the LAN configuration information. A description of
all fields displayed is as follows:

&lt;IP Address&gt;: Static IP address of this device
&lt;IP Subnet Mask&gt;: IPv4 Subnet Mask
&lt;Gateway IP Address&gt;: IP address of the gateway. This is usually
provided by the ISP or your network administrator.
&lt;DNS&gt;: Domain Name Server (DNS) server IP address to covert the
internet name (such as www.google.com) to an IP address.
        </DETAIL>
        <ACTION>lua clishCmdExec (lanSetupGet, "bdg")</ACTION>
    </COMMAND>
    <!--===================================================-->
    <COMMAND name="show net statistics"
	     help="Show Interface Statistics">
	<DETAIL>
This command shows a cumulative total of the relevant traffic
statistics for the interface specified by the argument
&lt;interface&gt;. If the argument is not specified, this command will
print statistics for all the interfaces in the system. A description
of all fields displayed is as follows:

&lt;Interface Name&gt;: The stats are sorted by Ethernet port (eth0
vs. eth1)
&lt;Packets&gt;: The number of transmitted/received packets over the
relevant Ethernet port
&lt;Bytes&gt;: The number of transmitted/received bytes of information
&lt;Errors&gt;: The number of transmitted/received packet errors
reported to the relevant Ethernet port
&lt;Dropped&gt;: The number of transmitted/received packet drops in
the relevant Ethernet port
&lt;Multicast&gt;: The number of multicast packets sent over the
relevant Ethernet port
&lt;Collisions&gt;: The number of packet collisions reported to the
relevant Ethernet port
	</DETAIL>
	<PARAM name="interface" 
	       help="Interface Name (eth0, bdg etc.)"
	       default="all"
	       ptype="STRING"/>
        <ACTION>lua if "${interface}" == "all" then
		        clishCmdExec (ifCLIStatsGet, "bdg", "eth0", "eth1")
                    else
			clishCmdExec (ifCLIStatsGet, "${interface}")	
		    end
        </ACTION>
    </COMMAND>

bdgCLIStatsGet
</CLISH_MODULE>