<?xml version="1.0" encoding="UTF-8"?>
<CLISH_MODULE xmlns="http://clish.sourceforge.net/XMLSchema" 
			  xmlns:xsi="http://www.w3.org/2001/XMLSchema-instance" 
			  xsi:schemaLocation="http://clish.sourceforge.net/XMLSchema
              http://clish.sourceforge.net/XMLSchema/clish.xsd">
	<!--=======================================================-->
    <COMMAND name="show net captivePortal" help=""/>
		 <COMMAND name="show net captivePortal billing_profile"
             help="">
             <PARAM name="row_id" 
           help=""
           ptype="UINT"/>
                   <ACTION>lua clishCmdExec (tmpProfileCfgShow,"${row_id}")
                   </ACTION>
    </COMMAND>
     <COMMAND name="show net captivePortal all_billing_profile"
             help="">
                   <ACTION>lua clishCmdExec (tmpProfileCfgShowAll)
                   </ACTION>
    </COMMAND>

</CLISH_MODULE>
