<?xml version="1.0" encoding="utf-8"?>
<root xmlns="urn:schemas-upnp-org:device-1-0" xmlns:dlna="urn:schemas-dlna-org:device-1-0">
<version>20181204</version>
<specVersion>
<major>1</major>
<minor>0</minor>
</specVersion>
<device>
<dlna:X_DLNADOC>DLNA-1.50</dlna:X_DLNADOC>
<deviceType>urn:schemas-upnp-org:device:RADiscoveryAgent:1</deviceType>
<friendlyName>Remote Media Server</friendlyName>
<manufacturer>Reliance Infocomm Ltd</manufacturer>
<manufacturerURL>http://www.ril.com</manufacturerURL>
<modelName>ACCESS Twine HGW RAS 1.0</modelName>
<modelNumber>1.0</modelNumber>
<modelURL>http://www.access-company.com/</modelURL>
<UDN>uuid:00000000-0000-0000-0000-000000000000</UDN>
<ACCESS_X_DOMID></ACCESS_X_DOMID>
<ACCESS_X_GID></ACCESS_X_GID>
<ACCESS_X_IV></ACCESS_X_IV>
<extension>
</extension>
<serviceList>
<service>
<serviceType>urn:schemas-upnp-org:service:RADASync:1</serviceType>
<serviceId>urn:upnp-org:serviceId:RADASync</serviceId>
<SCPDURL>/RADASync1.xml</SCPDURL>
<controlURL>control/RADASync</controlURL>
</service>
</serviceList>
</device>
</root>
