<?xml version="1.0" encoding="UTF-8"?>
<CLISH_MODULE xmlns="http://clish.sourceforge.net/XMLSchema" 
			  xmlns:xsi="http://www.w3.org/2001/XMLSchema-instance" 
			  xsi:schemaLocation="http://clish.sourceforge.net/XMLSchema
              http://clish.sourceforge.net/XMLSchema/clish.xsd">
<!--=======================================================-->
<VIEW name="dot11-profile-config" prompt="dot11-config[profile]> "> 
    <COMMAND name="save" help="Save profile configuration changes">
	     <ACTION>lua clishCfgObjExec("dot11Profile")
	     </ACTION>
    </COMMAND>
    <COMMAND name="exit" 
	     help="Save profile configuration changes and exit current mode." 
	     view="root-view" viewid="">
	     <ACTION>lua clishCfgObjExec("dot11Profile")</ACTION>
    </COMMAND>
    <COMMAND name="ssid" help="Set the 802.11 profile SSID.">
        <PARAM name="name" 
	       help="SSID name." 
	       ptype="STRING"/>
	<ACTION>lua clishCfgObjAdd ("dot11Profile", "dot11Profile.ssid", 
		    "${name}")
	</ACTION>
    </COMMAND>
    <COMMAND name="broadcast-ssid" help="Enable or disable SSID broadcast.">
        <PARAM name="enable" 
	       help="Enable or disable." 
	       ptype="CHOICE_INT"/>
	<ACTION>lua clishCfgObjAdd ("dot11Profile", "dot11Profile.broadcastSSID",
		     "${enable}")
	</ACTION>
    </COMMAND>
    <COMMAND name="security" help="Set the profile security type.">
	<PARAM name="security" 
	       help="Profile security type." 
	       ptype="DOT11_SECURITY_T"/>
        <ACTION>lua clishCfgObjAdd ("dot11Profile", "dot11Profile.security",
		 "${security}")
        </ACTION>
    </COMMAND>
   <COMMAND name="qos-enable" help="Enable or disable QoS">
	<PARAM name="enabled" 
	       help="QoS enable or disable." 
	       ptype="CHOICE_INT"/>
        <ACTION>lua clishCfgObjAdd ("dot11Profile", "dot11Profile.qosEnable", 
			"${enabled}")
        </ACTION>
   </COMMAND>
   <COMMAND name="default-cos" help="Set default Class Of Service">
	<PARAM name="default" 
	       help="Default QoS." 
	       ptype="DEF_COS_T"/>
        <ACTION>lua clishCfgObjAdd ("dot11Profile", "dot11Profile.defaultCos",
		 "${default}")
        </ACTION>
   </COMMAND>
   <COMMAND name="wep" help="Set profile WEP options."/>
   <COMMAND name="wep authentication" help="Set WEP authentication type.">
	<PARAM name="authentication" 
	       help="WEP authentication type." 
	       ptype="WEP_AUTH"/>
        <ACTION>lua clishCfgObjAdd ("dot11Profile", "dot11Profile.wepAuth", 
			"${authentication}")
        </ACTION>
   </COMMAND> 
   <COMMAND name="wep encryption" help="Set WEP encryption type.">
	<PARAM name="encryption" 
	       help="WEP encryption type." 
	       ptype="WEP_ENCR"/>
	<ACTION>lua clishCfgObjAdd ("dot11Profile", "dot11Profile.groupCipher",
			  "${encryption}")
        </ACTION>
   </COMMAND>   
   <COMMAND name="wep key" help="Set WEP key. Not required if passphrase is set.">
	<PARAM name="index"
	       help="Index at which key is installed." 
	       ptype="WEP_KEY_IDX_T"/>
	<PARAM name="key" 
	       help="WEP Key." 
	       ptype="STRING"/>
        <ACTION>lua local fld = nil
		if "${index}" == "0" then fld = "dot11Profile.wepkey0" 
		elseif "${index}" == "1" then fld = "dot11Profile.wepkey1"
		elseif "${index}" == "2" then fld = "dot11Profile.wepkey2"
		elseif "${index}" == "3" then fld = "dot11Profile.wepkey3"
		end
		clishCfgObjAdd ("dot11Profile", fld, "${key}")
		clishCfgObjAdd ("dot11Profile", "dot11Profile.defWepkeyIdx",
			  "${index}")
        </ACTION>			  
    </COMMAND>
   <COMMAND name="wep passphrase" help="Set WEP passphrase to generate WEP key from.">
	<PARAM name="index"
	       help="Index at which key is installed." 
	       ptype="WEP_KEY_IDX_T"/>
	<PARAM name="passphrase" 
	       help="Passphrase to use to generate WEP Key."
	       ptype="STRING"/>
        <ACTION>lua local wepEncr = clishCfgAttrGet ("dot11Profile", 
			  "dot11Profile.groupCipher")
	            local wepKeyLen = clishCmdExec (wepKeyLenGet, wepEncr)
		    local wepPsk = "${passphrase}"
		    local wepKey1 = clishCmdExec (wepKeyGenerate, wepPsk, wepKeyLen)
		    wepPsk = wepPsk .. wepKey1
		    local wepKey2 = clishCmdExec (wepKeyGenerate, wepPsk, wepKeyLen)
		    wepPsk = wepPsk .. wepKey2
		    local wepKey3 = clishCmdExec (wepKeyGenerate, wepPsk, wepKeyLen)
		    wepPsk = wepPsk .. wepKey3
		    local wepKey4 = clishCmdExec (wepKeyGenerate, wepPsk, wepKeyLen)

		    clishCfgObjAdd ("dot11Profile", "dot11Profile.wepkey0", wepKey1)
		    clishCfgObjAdd ("dot11Profile", "dot11Profile.wepkey1", wepKey2)
		    clishCfgObjAdd ("dot11Profile", "dot11Profile.wepkey2", wepKey3)
		    clishCfgObjAdd ("dot11Profile", "dot11Profile.wepkey3", wepKey4)
		    clishCfgObjAdd ("dot11Profile", "dot11Profile.defWepkeyIdx", "${index}")
        </ACTION>			  
    </COMMAND>
    <COMMAND name="wpa" help="Set the WPA options."/>
    <COMMAND name="wpa authentication" help="Set WPA authentication type.">
	<PARAM name="authentication" 
	       help="WPA authentication type."
	       ptype="WPA_AUTH"/>
        <ACTION>lua clishCfgObjAdd ("dot11Profile", "dot11Profile.authMethods",
			  "${authentication}")
        </ACTION>
    </COMMAND>
    <COMMAND name="wpa encryption" help="Set WPA encryption type.">    
	<PARAM name="encryption" 
	       help="WPA encryption type." 
	       ptype="WPA_ENCR"/>
        <ACTION>lua clishCfgObjAdd ("dot11Profile", "dot11Profile.pairwiseCiphers",
			  "${encryption}")
        </ACTION>
    </COMMAND>
    <COMMAND name="wpa wpa-password" 
	     help="WPA Password. Needed only if authentication is PSK">
	<PARAM name="password" 
	       help="WPA Password" 
	       ptype="STRING" 
	       default="password"/>
        <ACTION>lua clishCfgObjAdd ("dot11Profile", "dot11Profile.pskPassAscii",
			  "${password}")
        </ACTION>
    </COMMAND>
    <COMMAND name="qos" help="Set profile QoS options.">
	<PARAM name="tos_index" 
	       help="IP DSCP/TOS Index"
	       ptype="TOS_IDX_T"/>
	<PARAM name="cos"
	       help="Class of service for DSCP/TOS Index specified "
	       ptype="COS_T"/>
        <ACTION>lua local fld = "dot11Profile.dscpCosMap" .. "${tos_index}"
		    local cosString = "${cos}"
		    if (cosString == "BestEffort") then 
		       cosString = "Best Effort" 
		    end
		    clishCfgObjAdd ("dot11Profile", fld, cosString)
        </ACTION>
    </COMMAND>
   <COMMAND name="advanced" help="Set advanced profile options."/>
   <COMMAND name="advanced association-timeout" 
	    help="Set advanced profile association timeout options.">
	<PARAM name="timeout" 
	       help="Association timeout (in seconds)."
	       default="10"
	       ptype="STRING"/>
        <ACTION>lua clishCfgObjAdd ("dot11Profile", "dot11Profile.assocTimeout", 
		    "${timeout}")
        </ACTION>
    </COMMAND>
   <COMMAND name="advanced authentication-timeout" 
	    help="Set advanced profile association timeout options.">
        <PARAM name="timeout" 
	       help="Authentication timeout (in seconds)." 
	       default="10"
	       ptype="STRING"/>
        <ACTION>lua clishCfgObjAdd ("dot11Profile", "dot11Profile.authTimeout", 
			   "${timeout}")	       
	</ACTION>
    </COMMAND>
   <COMMAND name="advanced group-key-refresh-interval" 
	    help="Set advanced profile association timeout options.">
        <PARAM name="interval" 
	       help="Group Key refresh interval (in seconds)." 
	       default="10"
	       ptype="STRING"/>
        <ACTION>lua clishCfgObjAdd ("dot11Profile", "dot11Profile.groupKeyUpdateInterval", 
			   "${interval}")	       
	</ACTION>
    </COMMAND>
   <COMMAND name="advanced pmksa-lifetime" 
	    help="Set advanced profile association timeout options.">
        <PARAM name="lifetime" 
	       help="PMKSA LifeTime (in seconds)." 
	       default="10"
	       ptype="STRING"/>
        <ACTION>lua clishCfgObjAdd ("dot11Profile", "dot11Profile.pmksaLifetime", 
			   "${lifetime}")	       
	</ACTION>
    </COMMAND>
   <COMMAND name="advanced 8021X-re-authentication-interval" 
	    help="Set advanced profile association timeout options.">
        <PARAM name="interval" 
	       help="802.1X Re-authentication Interval (in seconds)." 
	       default="10"
	       ptype="STRING"/>
        <ACTION>lua clishCfgObjAdd ("dot11Profile", "dot11Profile.dot1xReauthInterval", 
			   "${interval}")	       
	</ACTION>
    </COMMAND>
</VIEW>
<!--=======================================================-->
<VIEW name="dot11-ap-config" prompt="dot11-config[ap]> "> 
    <COMMAND name="save" help="Save AP configuration changes">
	     <ACTION>lua clishCfgObjExec("dot11AP")</ACTION>
    </COMMAND>
    <COMMAND name="cancel" help="Roll back AP configuration changes">
	     <ACTION>lua clishCfgObjReset()</ACTION>
    </COMMAND>
    <COMMAND name="exit" 
	     help="Save AP configuration changes and exit current mode." 
	     view="root-view" viewid="">
	     <ACTION>lua clishCfgObjExec("dot11AP")</ACTION>
    </COMMAND>
    <COMMAND name="role" help="Set the access point role.">
	<PARAM name="name" 
	       help="Role name." 
	       ptype="DOT11_AP_ROLE_T"/>
	<ACTION>lua local role = "${name}"
		    if (role == "WDSRepeater") then role = "WDS Repeater"
		    elseif (role == "WDSRoot") then role = "WDS Root"
		    end
		    clishCfgObjAdd ("dot11AP", "dot11VAP.dot11Mode", role)
        </ACTION>
    </COMMAND>
    <COMMAND name="acl-policy-default" help="Set the default ACL policy for AP.">
	<PARAM name="policy" 
	       help="Name of the policy." 
	       ptype="DOT11_AP_ACL_POL_T"/>
	<ACTION>lua clishCfgObjAdd ("dot11AP", "dot11VAP.defACLPolicy", "${policy}")
        </ACTION>
    </COMMAND>
    <COMMAND name="profile" help="Set the 802.11 profile the AP will use.">
	<PARAM name="name" 
	       help="Profile name." 
	       ptype="STRING"/>
	<ACTION>lua clishCfgObjAdd ("dot11AP", "dot11VAP.profileName",
		    "${name}")
        </ACTION>
    </COMMAND>
    <COMMAND name="radios" help="Set the Radios the AP will use.">
	<PARAM name="radio_num"
	       help="Radio number"
	       ptype="UINT"/>
	<PARAM name="enabled"
	       help="Enable/Disable radio specified by &lt;radio_num&gt;" 
	       ptype="CHOICE_INT"/>
	<ACTION>lua clishCfgObjAdd ("dot11AP", "vapRadio.".."${radio_num}",
		    "${enabled}")
        </ACTION>
    </COMMAND>
    <COMMAND name="mode" help="Set the 802.11 modulation technique.">
	<PARAM name="mode"
	       help="802.11 mode." 
	       ptype="DOT11_MODE_T"/>
	<ACTION>lua local realmode = "b only" -- default
		    if "${mode}" == "g" then realmode = "b only"
		    elseif "${mode}" == "b+g" then realmode = "b and g"
		    end		     
		    clishCfgObjAdd ("dot11AP", "dot11VAP.opMode",
				   realmode)
        </ACTION>
    </COMMAND>
    <COMMAND name="vlan-enabled" help="Enable or disable VLAN for this AP.">
	<PARAM name="enable"
	       help="Enable or disable" 
	       ptype="CHOICE_INT"/>
	<ACTION>lua clishCfgObjAdd ("dot11AP", "vlan.vlanEnabled",
		    "${enable}")
        </ACTION>
    </COMMAND>
    <COMMAND name="default-vlan" help="Set the default VLAN value for this AP.">
	<PARAM name="value"
	       help="VLAN Id"	       
	       ptype="VLAN_ID_T"/>
	<ACTION>lua clishCfgObjAdd ("dot11AP", "vlan.vlanId", "${value}")
        </ACTION>
    </COMMAND>
    <COMMAND name="max-associated-clients" 
	     help="Set maximum number of client that can associate with AP.">
	<PARAM name="value"
	       help="Maximum number of clients."
	       ptype="UINT"/>
	<ACTION>lua clishCfgObjAdd ("dot11AP", "dot11VAP.maxClients", "${value}")
        </ACTION>
    </COMMAND>
    <COMMAND name="supported-rates" 
	     help="Set the rate(s) the AP advertises in beacon frames.">
	<PARAM name="rate"
	       help="802.11 beacon frame rates  (in Mbps)."
	       ptype="DOT11_TX_RETRY_T"/>
	<PARAM name="enable"
	       help="Enable/Disable this frame rate."
	       ptype="CHOICE_INT"/>
	<ACTION>lua fld = "dot11VAP.rate" .. "${rate}" .. "Mbps"
		    clishCfgObjAdd ("dot11AP", fld, "${enable}")
        </ACTION>
    </COMMAND>
    <COMMAND name="advanced" help="Set the advanced AP options."/>
    <COMMAND name="advanced beacon_interval" 
	     help="Set the time between beacon transmissions (in milliseconds).">
	<PARAM name="interval"
	       help="Time between beacon transmissions (in milliseconds)."
	       ptype="UINT"/>
	<ACTION>lua clishCfgObjAdd ("dot11AP", "dot11VAP.beaconInterval",
		    "${interval}")
        </ACTION>
    </COMMAND>
    <COMMAND name="advanced dtim-interval" 
	     help="Set the interval between delivery traffic indication message.">
	<PARAM name="interval"
	       help="Delivery traffic indication message interval (in milliseconds)."
	       ptype="UINT"/>
	<ACTION>lua clishCfgObjAdd ("dot11AP", "dot11VAP.dtimInterval",
		    "${interval}")
        </ACTION>
    </COMMAND>
    <COMMAND name="advanced rts-threshold"
        help="Set the Request to Send (RTS) threshold.">
	<PARAM name="threshold" help="Request to Send (RTS) threshold."
	       ptype="UINT"/>
	<ACTION>lua clishCfgObjAdd ("dot11AP", "dot11VAP.rtsThreshold",
		    "${threshold}")
        </ACTION>
    </COMMAND>
    <COMMAND name="advanced fragmentation-threshold" 
	     help="Set the maximum length of the frame.">    
	<PARAM name="threshold" help="Maximum length of the frame."
	       ptype="UINT"/>
        <ACTION>lua clishCfgObjAdd ("dot11AP", "dot11VAP.fragThreshold",
		    "${threshold}")
        </ACTION>
    </COMMAND>
    <COMMAND name="advanced preamble_mode" 
	     help="Set the 802.11b preamble type to be prepended to every frame">
	<PARAM name="preamble"
	       help="802.11b preamble type to be prepended to every frame"
	       ptype="DOT11_PREAMBLE_T"/>
	<ACTION>lua clishCfgObjAdd ("dot11AP", "dot11VAP.preambleMode",
		    "${preamble}")
        </ACTION>
    </COMMAND>
    <COMMAND name="advanced rts-cts-protection"
	       help="Enable/disable RTS/CTS handshake before packet transmission.">
	<PARAM name="enabled" help="Enable/Disable RTS/CTS handshake."
	       ptype="CHOICE_INT"/>
	<ACTION>lua clishCfgObjAdd ("dot11AP", "dot11VAP.rtsCtsProtect",
		    "${enabled}")
        </ACTION>
    </COMMAND>
    <COMMAND name="advanced transmit-power-gain" 
        help="Set transmit power gain value.">
	<PARAM name="gain" help="Gain value (in dbm)."
	       ptype="DOT11_TX_POWER_GAIN_T"/>
	<ACTION>lua  clishCfgObjAdd ("dot11AP", "dot11VAP.txPower", "${gain}")
        </ACTION>
    </COMMAND>
    <COMMAND name="advanced short-retry-limit"
	       help="Set the retry limit for frame retransmission on transmission failure.">
	<PARAM name="limit" help="Frame re-transmission limit."
	       ptype="DOT11_TX_RETRY_T"/>
	<ACTION>lua clishCfgObjAdd ("dot11AP", "dot11VAP.shortRetry", 
		    "${limit}")
        </ACTION>
    </COMMAND>
    <COMMAND name="advanced long-retry-limit"
        help="Set the retry limit for frame retransmission on transmission failure.">
	<PARAM name="limit" help="Frame re-transmission limit."
	       ptype="DOT11_TX_RETRY_T"/>
	<ACTION>lua clishCfgObjAdd ("dot11AP", "dot11VAP.longRetry", "${limit}")
        </ACTION>
    </COMMAND>

</VIEW>
<!--=======================================================-->
<VIEW name="dot11-radio-config" prompt="dot11-config[radio]> "> 
    <COMMAND name="save" help="Save radio configuration changes.">
	     <ACTION>lua clishCfgObjExec("dot11Radio")</ACTION>
    </COMMAND>
    <COMMAND name="cancel" help="Roll back radio configuration changes">
	     <ACTION>lua clishCfgObjReset()</ACTION>
    </COMMAND>
    <COMMAND name="exit" 
	     help="Save radio configuration changes and exit current mode." 
	     view="root-view" viewid="">
	     <ACTION>lua clishCfgObjExec("dot11Radio")</ACTION>
    </COMMAND>
    <COMMAND name="channel" help="Set the channel used by radio.">
	<PARAM name="channel" 
	       help="Channel number (or Auto to let system select)." 
	       ptype="UINT"/>
	<ACTION>lua clishCfgObjAdd ("dot11Radio", "dot11Radio.configuredChannel",
		    "${channel}")
        </ACTION>
    </COMMAND>
    <COMMAND name="rogueap-status" help="Set RogueAP detection on this radio.">
	<PARAM name="enabled" 
	       help="Enable or disable rogue AP detection." 
	       ptype="CHOICE_INT"/>
	<ACTION>lua clishCfgObjAdd ("dot11Radio", "dot11Radio.rogueAPEnabled", 
		    "${enabled}")
        </ACTION>
    </COMMAND>
    <COMMAND name="default-transmit-power" 
	     help="Set default trans power for APs using this radio.">
	<PARAM name="value" 
	       help="Transmitted power level (in dbm)." 
	       ptype="UINT"/>
	<ACTION>lua clishCfgObjAdd ("dot11Radio", "dot11Radio.txPower", "${value}")
        </ACTION>
    </COMMAND>
    <COMMAND name="rx-diversity" 
	     help="Enable/Disable use of multiple antennas to receive packets">
	<PARAM name="enabled" 
	       help="Enable or disable Rx diversity." 
	       ptype="CHOICE_INT"/>
	<ACTION>lua clishCfgObjAdd ("dot11Radio", "dot11Radio.rxDiversity", "${enabled}")
        </ACTION>
    </COMMAND>
</VIEW>

<!--=======================================================-->
<VIEW name="dot11-card-config" prompt="dot11-config[card]> "> 
    <COMMAND name="save" help="Save card configuration changes.">
	     <ACTION>lua clishCfgObjExec("dot11Card")</ACTION>
    </COMMAND>
    <COMMAND name="cancel" help="Roll back card configuration changes">
	     <ACTION>lua clishCfgObjReset()</ACTION>
    </COMMAND>
    <COMMAND name="exit" 
	     help="Save card configuration changes and exit current mode." 
	     view="root-view" viewid="">
	     <ACTION>lua clishCfgObjExec("dot11Card")</ACTION>
    </COMMAND>
    <COMMAND name="tx-enable" help="Enable/Disable transmit on this card.">
	<PARAM name="enabled" 
	       help="Enable/Disable transmit on card." 
	       ptype="CHOICE_INT"/>
	<ACTION>lua clishCfgObjAdd ("dot11Card", "dot11Card.txEnabled",
		    "${enabled}")
        </ACTION>
    </COMMAND>
    <COMMAND name="rx-enable" help="Enable/Disable receive on this card.">
	<PARAM name="enabled" 
	       help="Enable/Disable receive on card." 
	       ptype="CHOICE_INT"/>
	<ACTION>lua clishCfgObjAdd ("dot11Card", "dot11Card.rxEnabled",
		    "${enabled}")
        </ACTION>
    </COMMAND>
    <COMMAND name="agc-enable" help="Enable/Disable automatic gain control.">
	<PARAM name="enabled" 
	       help="Enable/Disable automatic gain control." 
	       ptype="CHOICE_INT"/>
	<ACTION>lua clishCfgObjAdd ("dot11Card", "dot11Card.agcEnabled",
		    "${enabled}")
        </ACTION>
    </COMMAND>
    <COMMAND name="tx-cancellation" help="Enable/Disable automatic gain control.">
	<PARAM name="enabled" 
	       help="Enable/Disable crosstalk." 
	       ptype="CHOICE_INT"/>
	<ACTION>lua clishCfgObjAdd ("dot11Card", "dot11Card.txCancellation",
		    "${enabled}")
        </ACTION>
    </COMMAND>
    <COMMAND name="rx-max-gain" 
	     help="Set maximum gain that can be applied to the received data.">
	<PARAM name="gain" 
	       help="Gain value." 
	       ptype="UINT"/>
	<ACTION>lua clishCfgObjAdd ("dot11Card", "dot11Card.rxMaxGain",
		    "${gain}")
        </ACTION>
    </COMMAND>
    <COMMAND name="transmit-local-oscillator" 
	     help="Set value used to centre the selected set of transmit channels.">
	<PARAM name="value" 
	       help="Transmit local oscillator value."
	       ptype="UINT"/>
	<ACTION>lua clishCfgObjAdd ("dot11Card", "dot11Card.txLO",
		    "${value}")
        </ACTION>
    </COMMAND>
    <COMMAND name="receive-local-oscillator" 
	     help="Set value used to centre the selected set of receive channels.">
	<PARAM name="value" 
	       help="Receive local oscillator value."
	       ptype="UINT"/>
	<ACTION>lua clishCfgObjAdd ("dot11Card", "dot11Card.rtxLO",
		    "${value}")
        </ACTION>
    </COMMAND>
</VIEW>

<!--=======================================================-->
<VIEW name="dot11-iapp-config" prompt="dot11-config[IAPP]> "> 
    <COMMAND name="save" help="Save IAPP configuration changes.">
	     <ACTION>lua clishCfgObjExec("dot11IAPP")</ACTION>
    </COMMAND>
    <COMMAND name="cancel" help="Roll IAPP configuration changes">
	     <ACTION>lua clishCfgObjReset()</ACTION>
    </COMMAND>
    <COMMAND name="exit" 
	     help="Save IAPP configuration changes and exit current mode." 
	     view="root-view" viewid="">
	     <ACTION>lua clishCfgObjExec("dot11IAPP")</ACTION>
    </COMMAND>
    <COMMAND name="bssid-secret" help="Set IAPP BSSID secret.">
	<PARAM name="secret" 
	       help="BSSID secret value." 
	       ptype="STRING"/>
	<ACTION>lua clishCfgObjAdd ("dot11IAPP", "bssid.secret",
		    "${secret}")
        </ACTION>
    </COMMAND>
</VIEW>

<!--=======================================================-->
<VIEW name="dot11-iapprap-config" prompt="dot11-config[IAPP remote AP]> "> 
    <COMMAND name="save" help="Save IAPP remote AP configuration changes.">
	     <ACTION>lua clishCfgObjExec("dot11IAPPRemoteAP")</ACTION>
    </COMMAND>
    <COMMAND name="cancel" help="Roll IAPP remote AP configuration changes">
	     <ACTION>lua clishCfgObjReset()</ACTION>
    </COMMAND>
    <COMMAND name="exit" 
	     help="Save IAPP remote AP configuration changes and exit current mode." 
	     view="root-view" viewid="">
	     <ACTION>lua clishCfgObjExec("dot11IAPPRemoteAP")</ACTION>
    </COMMAND>
    <COMMAND name="bssid" help="Set remote AP BSSID.">
	<PARAM name="bssid" 
	       help="BSSID value." 
	       ptype="STRING"/>
	<ACTION>lua clishCfgObjAdd ("dot11IAPPRemoteAP", 
		    "dot11IAPPRemoteAP.bssid", "${bssid}")
        </ACTION>
    </COMMAND>
    <COMMAND name="remote-ap" help="Set the remote AP IP address.">
	<PARAM name="ip_address" 
	       help="IP address." 
	       ptype="IP_ADDR"/>
	<ACTION>lua clishCfgObjAdd ("dot11IAPPRemoteAP", 
		    "dot11IAPPRemoteAP.ipAddr", "${ip_address}")
        </ACTION>
    </COMMAND>
    <COMMAND name="secret" help="Set secret value.">
	<PARAM name="secret" 
	       help="BSSID secret." 
	       ptype="STRING"/>
	<ACTION>lua clishCfgObjAdd ("dot11IAPPRemoteAP", 
		    "dot11IAPPRemoteAP.bssidSecret", "${secret}")
        </ACTION>
    </COMMAND>
    <COMMAND name="vlanid" help="Set the VLAN Id.">
	<PARAM name="id" 
	       help="VLAN id value." 
	       ptype="UINT"/>
	<ACTION>lua clishCfgObjAdd ("dot11IAPPRemoteAP", 
		    "dot11IAPPRemoteAP.vlanId", "${id}")
        </ACTION>
    </COMMAND>
    <COMMAND name="neighbor" help="Set whether or not BSSID is neighbor.">
	<PARAM name="enabled" 
	       help="Enable or disable neighbor status." 
	       ptype="CHOICE_INT"/>
	<ACTION>lua clishCfgObjAdd ("dot11IAPPRemoteAP", 
		    "dot11IAPPRemoteAP.neighbor", "${enabled}")
        </ACTION>
    </COMMAND>
</VIEW>


<!--=======================================================-->
<VIEW name="dot11-rogueap-config" prompt="dot11-config[Rogue AP]> "> 
    <COMMAND name="save" help="Save Rogue AP configuration changes.">
	     <ACTION>lua clishCfgObjExec("dot11RogueAP")</ACTION>
    </COMMAND>
    <COMMAND name="cancel" help="Roll rogue AP configuration changes">
	     <ACTION>lua clishCfgObjReset()</ACTION>
    </COMMAND>
    <COMMAND name="exit" 
	     help="Save rogue AP configuration changes and exit current mode." 
	     view="root-view" viewid="">
	     <ACTION>lua clishCfgObjExec("dot11RogueAP")</ACTION>
    </COMMAND>
    <COMMAND name="bssid" help="Set the BSSID of the rogue AP.">
        <PARAM name="value"
	       help="BSSID string."
	       ptype="STRING"/>
        <ACTION>lua clishCfgObjAdd ("dot11RogueAP", 
		    "dot11AuthorizedAP.macAddress", "${value}")
	</ACTION>
    </COMMAND>
    <COMMAND name="ssid" help="Set SSID of the rogue AP.">
	<PARAM name="value"
	       help="SSID string."
	       ptype="STRING"/>
        <ACTION>lua clishCfgObjAdd ("dot11RogueAP", 
		    "dot11AuthorizedAP.SSID", "${value}")
	</ACTION>
    </COMMAND>
    <COMMAND name="security" help="Set rogue AP security mode .">
        <PARAM name="value"
	       help="Security mode of the Rogue AP."
	       ptype="DOT11_RAP_SECURITY_T"/>
        <ACTION>lua clishCfgObjAdd ("dot11RogueAP", 
		    "dot11AuthorizedAP.security", "${value}")
	</ACTION>
    </COMMAND>
    <COMMAND name="encryption" help="Set rogue AP encryption scheme.">
        <PARAM name="encryption"
	       help="Rogue AP encryption."
	       ptype="WPA_ENCR"/>
        <ACTION>lua clishCfgObjAdd ("dot11RogueAP", 
		    "dot11AuthorizedAP.pairwiseCiphers", "${encryption}")
	</ACTION>
    </COMMAND>
    <COMMAND name="authentication" help="Set rogue AP authentication method.">
        <PARAM name="authentication"
	       help="Rogue AP authentication."
	       ptype="WPA_AUTH"/>
        <ACTION>lua clishCfgObjAdd ("dot11RogueAP", 
		    "dot11AuthorizedAP.authMethods", "${authentication}")
	</ACTION>
    </COMMAND>
</VIEW>

<!--=======================================================-->
    <!--=======================================================-->
    <COMMAND name="dot11 profile"
             help="802.11 profile configuration."/>
    <!--=======================================================-->
    <COMMAND name="dot11 ap"
             help="802.11 access point configuration."/>
    <!--=======================================================-->
    <COMMAND name="dot11 acl"
             help="802.11 access point ACL add or delete."/>
    <!--=======================================================-->
    <COMMAND name="dot11 radio"
             help="802.11 radio configuration."/>
    <!--=======================================================-->
    <COMMAND name="dot11 card"
             help="802.11 wireless card configuration."/>
    <!--=======================================================-->
    <COMMAND name="dot11 rogueap"
             help="802.11 rogue AP configuration."/>
    <!--=======================================================-->
    <COMMAND name="dot11 iapp"
             help="802.11 IAPP configuration."/>
    <!--=======================================================-->
    <COMMAND name="dot11 iapp remoteap"
             help="802.11 IAPP remote AP configuration mode."/>
    <!--=======================================================-->
    <COMMAND name="dot11 profile configure"
             help="802.11 profile configuration mode."
             view="dot11-profile-config" viewid="">
	     <PARAM name="profile_name"
		    help="Profile to edit"
		    ptype="STRING"/>
            <ACTION>lua clishCfgObjNew ("dot11Profile", dot11PfrCfgInit, 
		    dot11PfrCfgSave, dot11PfrInputVal, "${profile_name}")
            </ACTION>		    
    </COMMAND>
    <!--=======================================================-->
    <COMMAND name="dot11 profile delete"
             help="Delete an 802.11 profile."
	     view="root-view" viewid="">
	     <PARAM name="profile_name"
		    help="Profile to delete"
		    ptype="STRING"/>
            <ACTION>lua clishCfgObjNew ("dot11ProfileDel", dot11PfrCfgInit, 
		    dot11PfrCfgDel, nil, "${profile_name}")
		    clishCfgObjExec("dot11ProfileDel")
            </ACTION>		    
    </COMMAND>
    <!--=======================================================-->
    <COMMAND name="dot11 ap configure"
             help="802.11 access point configuration mode"
             view="dot11-ap-config" viewid="">
	     <PARAM name="ap_name"
		    help="Access point to edit."
		    ptype="STRING"/>
            <ACTION>lua clishCfgObjNew ("dot11AP", dot11APCfgInit,
		    dot11APCfgSave, dot11APInputVal, "${ap_name}")
	    </ACTION>
    </COMMAND>
    <!--=======================================================-->
    <COMMAND name="dot11 ap delete"
             help="Delete an 802.11 access point."
             view="root-view" viewid="">
	     <PARAM name="ap_name"
		    help="Access point to delete"
		    ptype="STRING"/>
            <ACTION>lua clishCfgObjNew ("dot11AP", dot11APCfgInit, 
		    dot11APCfgDel, nil, "${ap_name}")
		    clishCfgObjExec("dot11AP")
            </ACTION>		    
    </COMMAND>
    <!--=======================================================-->
    <COMMAND name="dot11 ap disable"
             help="Disable an 802.11 access point.">
	     <PARAM name="ap_name"
		    help="Access point to disable"
		    ptype="STRING"/>
            <ACTION>lua clishCfgObjNew ("dot11AP", dot11APCfgInit, 
		    dot11APCfgDisable, nil, "${ap_name}")
		    clishCfgObjExec("dot11AP")
            </ACTION>		    
    </COMMAND>
    <!--=======================================================-->
    <COMMAND name="dot11 ap enable"
             help="Enable an 802.11 access point.">
	     <PARAM name="ap_name"
		    help="Access point to enable"
		    ptype="STRING"/>
            <ACTION>lua clishCfgObjNew ("dot11AP", dot11APCfgInit, 
		    dot11APCfgEnable, nil, "${ap_name}")
		    clishCfgObjExec("dot11AP")
            </ACTION>		    
    </COMMAND>
    <!--=======================================================-->
    <COMMAND name="dot11 acl delete"
             help="Delete a MAC Address from an ACL List of an AP.">
	     <PARAM name="ap_name"
		    help="Access point whose ACL needs to be configured. "
		    ptype="STRING"/>
	     <PARAM name="mac_address"
		    help="MAC address to delete from ACL."
		    ptype="MAC_ADDR_T"/>
            <ACTION>lua clishCfgObjNew ("dot11APACLDel", dot11APACLCfgInit,
		    dot11APACLCfgDel, nil, "${ap_name}", "${mac_address}")
		    clishCfgObjExec("dot11APACLDel")
	    </ACTION>
    </COMMAND>
    <!--=======================================================-->
    <COMMAND name="dot11 acl add"
             help="Add a MAC Address to ACL List of an AP.">
	     <PARAM name="ap_name"
		    help="Access point whose ACL needs to be configured. "
		    ptype="STRING"/>
	     <PARAM name="mac_address"
		    help="MAC address to add to ACL."
		    ptype="MAC_ADDR_T"/>
            <ACTION>lua clishCfgObjNew ("dot11APACLAdd", dot11APACLCfgInit,
		    dot11APACLCfgAdd, nil, "${ap_name}", "${mac_address}")
		    clishCfgObjExec("dot11APACLAdd")
	    </ACTION>
    </COMMAND>
    <!--=======================================================-->
    <COMMAND name="dot11 ap statsreset"
             help="Reset statistics on an 802.11 access point.">
	     <PARAM name="ap_name"
		    help="Access point to enable"
		    ptype="STRING"/>
	     <PARAM name="radio_num"
		    help="Access point to enable"
		    ptype="STRING"/>
            <ACTION>lua clishCfgObjNew ("dot11APSR", dot11APStatsResetInit, 
		    dot11APStatsReset, nil, "${ap_name}", "${radio_num}")
		    clishCfgObjExec("dot11APSR")
            </ACTION>		    
    </COMMAND>
    <!--=======================================================-->
    <COMMAND name="dot11 radio configure"
             help="802.11 radio configuration mode."
             view="dot11-radio-config" viewid="">
	     <PARAM name="radio_num"
		    help="Radio to configure."
		    ptype="UINT"/>
            <ACTION>lua clishCfgObjNew ("dot11Radio", dot11RadioCfgInit, 
		    dot11RadioCfgSave, dot11RadioInputVal, "${radio_num}")
            </ACTION>
    </COMMAND>        
    <!--=======================================================-->
    <COMMAND name="dot11 radio statsreset"
             help="Reset 802.11 radio statistics.">
	     <PARAM name="radio_num"
		    help="Radio to configure."
		    ptype="UINT"/>
            <ACTION>lua clishCfgObjNew ("dot11RadioSR", dot11RadioCfgInit, 
		    dot11RadioStatsReset, nil, "${radio_num}")
    		    clishCfgObjExec("dot11RadioSR")
            </ACTION>
    </COMMAND>        
    <!--=======================================================-->
    <COMMAND name="dot11 radio country-set"
             help="Set 802.11 country code for radio operation.">
	     <PARAM name="country"
		    help="Country to set for radio."
		    ptype="STRING"/>
            <ACTION>lua clishCfgObjNew ("dot11RadioCountry", 
			dot11RadioCountryCfgInit, 
			dot11RadioCountryCfgSave, nil, "${country}")
    		    clishCfgObjExec("dot11RadioCountry")
            </ACTION>
    </COMMAND>        
    <!--=======================================================-->
    <COMMAND name="dot11 card configure"
             help="802.11 card configuration mode."
             view="dot11-card-config" viewid="">
	     <PARAM name="card_num"
		    help="Card number of card to configure."
		    ptype="UINT"/>
            <ACTION>lua clishCfgObjNew ("dot11Card", dot11CardCfgInit, 
		    dot11CardCfgSave, dot11CardInputVal, "${card_num}")
            </ACTION>
    </COMMAND>        
    <!--=======================================================-->
    <COMMAND name="dot11 iapp configure"
             help="802.11 IAPP configuration mode."
             view="dot11-iapp-config" viewid="">
            <ACTION>lua clishCfgObjNew ("dot11IAPP", dot11IAPPCfgInit, 
		    dot11IAPPCfgSave, dot11IAPPInputVal)
            </ACTION>		    
    </COMMAND>
    <!--=======================================================-->
    <COMMAND name="dot11 iapp localap-enable"
             help="Enable/Disable local AP.">
	     <PARAM name="ap_name"
		    help="Access point name."
		    ptype="STRING"/>
            <ACTION>lua clishCfgObjNew ("dot11IAPPLocalAP", 
			dot11IAPPLclCfgInit, dot11IAPPLclEnable, 
			dot11IAPPLclInputVal, "${ap_name}")
			clishCfgObjExec("dot11IAPPLocalAP", true)
            </ACTION>		    
    </COMMAND>
    <!--=======================================================-->
    <COMMAND name="dot11 iapp localap-disable"
             help="Disable local AP.">
	     <PARAM name="ap_name"
		    help="Access point name."
		    ptype="STRING"/>
            <ACTION>lua clishCfgObjNew ("dot11IAPPLocalAP", 
			dot11IAPPLclCfgInit, dot11IAPPLclEnable, 
			dot11IAPPLclInputVal, "${ap_name}")
			clishCfgObjExec("dot11IAPPLocalAP", false)
            </ACTION>		    
    </COMMAND>

    <!--=======================================================-->
    <COMMAND name="dot11 iapp remoteap configure"
             help="802.11 IAPP remote AP configuration mode."
             view="dot11-iapprap-config" viewid="">
	     <PARAM name="bssid"
		    help="BSSID of the rogue AP to configure."
		    ptype="MAC_ADDR_T"/>
            <ACTION>lua clishCfgObjNew ("dot11IAPPRemoteAP", 
			dot11IAPPRemAPCfgInit, dot11IAPRemAPSave, 
			dot11IAPPRemAPInputVal, "${bssid}")
            </ACTION>		    
    </COMMAND>

    <!--=======================================================-->
    <COMMAND name="dot11 iapp remoteap delete"
             help="Delete 802.11 IAPP remote AP configuration.">
	     <PARAM name="bssid"
		    help="BSSID of the rogue AP to delete."
		    ptype="MAC_ADDR_T"/>
            <ACTION>lua clishCfgObjNew ("dot11IAPPRemoteAP", 
			dot11IAPPRemAPCfgInit, dot11IAPRemAPDel, 
			dot11IAPPLclInputVal, "${bssid}")
			clishCfgObjExec("dot11IAPPRemoteAP")
            </ACTION>		    
    </COMMAND>

    <!--=======================================================-->
    <COMMAND name="dot11 rogueap configure"
             help="802.11 rogue AP configuration mode."
             view="dot11-rogueap-config" viewid="">
	     <PARAM name="bssid"
		    help="BSSID of the rogue AP to configure."
		    ptype="MAC_ADDR_T"/>
	     <PARAM name="ssid"
		    help="SSID of the rogue AP to configure."
		    ptype="STRING"/>
	     <PARAM name="security"
		    help="Security type of the Rogue AP."
		    ptype="DOT11_RAP_SECURITY_T"/>
	     <PARAM name="pairwise_ciphers"
		    help="Rogue AP cipher suite."
		    ptype="WPA_ENCR"/>
	     <PARAM name="authentication_methods"
		    help="Rogue AP authentication methods."
		    ptype="WPA_AUTH"/>
            <ACTION>lua clishCfgObjNew ("dot11RogueAP", 
			dot11RogueCfgInit, dot11RogueCfgSave, 
			dot11RogueInputVal, "${bssid}", "${ssid}", 
			"${security}", "${pairwise_ciphers}", 
			"${authentication_methods}")
            </ACTION>		    
    </COMMAND>
    <!--=======================================================-->
    <COMMAND name="dot11 rogueap delete"
             help="Delete an 802.11 rogue access point.">
	     <PARAM name="bssid"
		    help="BSSID of access point."
		    ptype="MAC_ADDR_T"/>
	     <PARAM name="ssid"
		    help="SSID serviced by the access point."
		    ptype="STRING"/>
	     <PARAM name="security"
		    help="Security type of the Rogue AP."
		    ptype="DOT11_RAP_SECURITY_T"/>
	     <PARAM name="pairwise_ciphers"
		    help="Rogue AP cipher suite."
		    ptype="WPA_ENCR"/>
	     <PARAM name="authentication_methods"
		    help="Rogue AP authentication methods."
		    ptype="WPA_AUTH"/>
            <ACTION>lua clishCfgObjNew ("dot11RogueAPDel", 
			dot11RogueCfgInit, dot11RogueCfgDel, 
			dot11RogueInputVal, "${bssid}", "${ssid}", 
			"${security}", "${pairwise_ciphers}", 
			"${authentication_methods}")
			clishCfgObjExec("dot11RogueAPDel")
            </ACTION>		    
    </COMMAND>
    <!--=======================================================-->
    <COMMAND name="dot11 rogueap move"
             help="Move an 802.11 rogue access point to authorized.">
	     <PARAM name="bssid"
		    help="BSSID of the rogue AP to configure."
		    ptype="MAC_ADDR_T"/>
	     <PARAM name="ssid"
		    help="SSID of the rogue AP to configure."
		    ptype="STRING"/>
	     <PARAM name="security"
		    help="Security type of the Rogue AP."
		    ptype="DOT11_RAP_SECURITY_T"/>
	     <PARAM name="pairwise_ciphers"
		    help="Rogue AP cipher suite."
		    ptype="WPA_ENCR"/>
	     <PARAM name="authentication_methods"
		    help="Rogue AP authentication methods."
		    ptype="WPA_AUTH"/>
            <ACTION>lua clishCfgObjNew ("dot11RogueAPMove", 
			dot11RogueCfgMoveInit, dot11RogueCfgMove, 
			nil, "${bssid}", "${ssid}", 
			"${security}", "${pairwise_ciphers}", 
			"${authentication_methods}")
			clishCfgObjExec("dot11RogueAPMove")
            </ACTION>		    
    </COMMAND>

<!--=======================================================-->
</CLISH_MODULE>