<?xml version="1.0" encoding="UTF-8"?>
<CLISH_MODULE xmlns="http://clish.sourceforge.net/XMLSchema" 
			  xmlns:xsi="http://www.w3.org/2001/XMLSchema-instance" 
			  xsi:schemaLocation="http://clish.sourceforge.net/XMLSchema
              http://clish.sourceforge.net/XMLSchema/clish.xsd">

<!--=======================================================-->
<VIEW name="net-lan-config" prompt="net-config[lan]> "> 
    <COMMAND name="save" help="Save LAN configuration changes.">
	     <ACTION>lua clishCfgObjExec("lan")
	     </ACTION>
    </COMMAND>
    <COMMAND name="exit" 
	     help="Save LAN configuration changes and exit current mode." 
	     view="root-view" viewid="">
	     <ACTION>lua clishCfgObjExec("lan")</ACTION>
    </COMMAND>
    <COMMAND name="cancel" help="Roll back LAN configuration changes.">
	     <ACTION>lua clishCfgObjReset()</ACTION>
    </COMMAND>
    <COMMAND name="system-address" help="Set system LAN IP address.">
	<PARAM name="ip_address" 
	       help="LAN IP address."
	       ptype="IP_ADDR"/>
	<ACTION>lua clishCfgObjAdd ("lan", "networkInterface.ipaddr", 
		    "${ip_address}")
	</ACTION>
    </COMMAND>
    <COMMAND name="subnet-mask" help="Set system LAN subnet mask.">
	<PARAM name="ip_address" 
	       help="Subnet mask."
	       ptype="IP_ADDR"/>
	<ACTION>lua clishCfgObjAdd ("lan", "networkInterface.subnetmask", 
		    "${ip_address}")
	</ACTION>
    </COMMAND>
    <COMMAND name="gateway" help="Set LAN gateway IP address.">
	<PARAM name="ip_address" 
	       help="Gateway IP address."
	       ptype="IP_ADDR"/>
	<ACTION>lua clishCfgObjAdd ("lan", "networkInterface.gateway", 
		    "${ip_address}")
	</ACTION>
    </COMMAND>
    <COMMAND name="dns" help="Set LAN DNS server IP address.">
	<PARAM name="ip_address" 
	       help="DNS server IP address."
	       ptype="IP_ADDR"/>
	<ACTION>lua clishCfgObjAdd ("lan", "networkInterface.dns1", 
		    "${ip_address}")
	</ACTION>
    </COMMAND>
</VIEW>

<!--=======================================================-->
<VIEW name="net-alias-config" prompt="net-config[alias]> "> 
    <COMMAND name="save" help="Save alias IP configuration changes.">
	<ACTION>lua clishCfgObjExec("aliasip")</ACTION>
    </COMMAND>
    <COMMAND name="exit" 
	     help="Save alias IP configuration changes and exit current mode."
	     view="root-view" viewid="">
        <ACTION>lua clishCfgObjExec("aliasip")</ACTION>
    </COMMAND>
    <COMMAND name="cancel" help="Roll back alias IP configuration changes.">
        <ACTION>lua clishCfgObjReset()</ACTION>
    </COMMAND>
    <COMMAND name="alias-ip-address" help="Set alias IP address.">
	<PARAM name="ip_address" 
	       help="LAN IP address."
	       ptype="IP_ADDR"/>
	<ACTION>lua clishCfgObjAdd ("aliasip", "networkInterface.ipaddr", 
		    "${ip_address}")
	</ACTION>
    </COMMAND>
    <COMMAND name="subnet-mask" help="Set alias subnet mask.">
	<PARAM name="ip_address" 
	       help="Subnet mask."
	       ptype="IP_ADDR"/>
	<ACTION>lua clishCfgObjAdd ("aliasip", "networkInterface.subnetmask", 
		    "${ip_address}")
	</ACTION>
    </COMMAND>
</VIEW>

<!--=======================================================-->
    <COMMAND name="net aliasip" help="Alias IP setup."/>
    <!--=======================================================-->
    <COMMAND name="net lan" help="LAN setup."/>
    <!--=======================================================-->
    <COMMAND name="net lan configure"
             help="LAN configuration mode."
             view="net-lan-config" viewid="">
            <ACTION>lua clishCfgObjNew ("lan", lanCfgInit, lanCfgSave, 
				       lanCfgInputVal)
	    </ACTION>
    </COMMAND>
    <!--=======================================================-->
    <COMMAND name="net aliasip configure"
             help="ALIAS IP configuration mode."
	     view="net-alias-config" viewid="">
            <ACTION>lua clishCfgObjNew ("aliasip", aliasipCfgInit, 
			aliasipCfgSave, aliasipCfgInputVal)
	    </ACTION>
    </COMMAND>

</CLISH_MODULE>