<?xml version="1.0" encoding="UTF-8"?>
<CLISH_MODULE xmlns="http://clish.sourceforge.net/XMLSchema" 
	      xmlns:xsi="http://www.w3.org/2001/XMLSchema-instance" 
	      xsi:schemaLocation="http://clish.sourceforge.net/XMLSchema
              http://clish.sourceforge.net/XMLSchema/clish.xsd">
    <!--=======================================================-->
    <COMMAND name="system users" 
	     help="System user configuration commands."/>
    <!--=======================================================-->
    <COMMAND name="system users password" 
	     help="Change password.">
 	     <PARAM name="user"
		    help="User to edit."
		    ptype="STRING"/>
             <ACTION>lua args = clishCfgObjNew ("userPasswd", userdbPassCfgInit,
			 userdbPassChange, nil, "${user}")
			 clishCfgObjExec("userPasswd")
             </ACTION>
    </COMMAND>
    <!--=======================================================-->
    <COMMAND name="system users idle-timeout"
	     help="Change idle timeout.">
 	     <PARAM name="timeout"
		    help="Timeout value."
		    ptype="UINT"/>
             <ACTION>lua args = clishCfgObjNew ("userTo", userdbToConfigInit,
			 userdbToConfigSave, nil)
			 clishCfgObjExec("userTo", "${timeout}")
             </ACTION>
    </COMMAND>
</CLISH_MODULE>