<?xml version="1.0" encoding="UTF-8"?>
<CLISH_MODULE xmlns="http://clish.sourceforge.net/XMLSchema" 
			  xmlns:xsi="http://www.w3.org/2001/XMLSchema-instance" 
			  xsi:schemaLocation="http://clish.sourceforge.net/XMLSchema
              http://clish.sourceforge.net/XMLSchema/clish.xsd">
<!--=======================================================-->
<VIEW name="system-logging-config" prompt="system-config[logging]> "> 
    <COMMAND name="save" help="Save logging configuration changes.">
	<ACTION>lua clishCfgObjExec("logging")
	</ACTION>
    </COMMAND>
    <COMMAND name="exit" 
	     help="Save logging configuration changes and exit current mode." 
	     view="root-view" viewid="">
	<ACTION>lua clishCfgObjExec("logging")</ACTION>
    </COMMAND>
    <COMMAND name="cancel" help="Roll back logging configuration changes.">
	     <ACTION>lua clishCfgObjReset()</ACTION>
    </COMMAND>
    <COMMAND name="syslog-server" help="Set remote syslog server.">
	<PARAM name="ip_address" 
	       help="IP Address of remote syslog server."
	       ptype="IP_ADDR"/>
        <ACTION>lua clishCfgObjAdd ("logging", "sysLogInfo.serverName"
		    "${ip_address}")
        </ACTION>
    </COMMAND>
    <COMMAND name="level-options-set" help="Set level options. This command can be
run multiple times in this view to set different level options.">
	<PARAM name="level" 
	       help="Level identifier."
	       ptype="LOG_LEVEL_T"/>
	<PARAM name="level_options" 
	       help="Logging level options."
	       ptype="LOG_LEVEL_OPTIONS_T"/>
	<PARAM name="enable" 
	       help="Enable/Disable this logging option."
	       ptype="CHOICE_INT"/>
	<ACTION>lua local fld = nil
		    local levelFld = nil
		    local set = 0

		    if ("${level}" == "Emergency") then 
		    levelFld = "emergency"
		    elseif ("${level}" == "Alert") then
		    levelFld = "alert"
		    elseif ("${level}" == "Critical") then
		    levelFld = "critical"
		    elseif ("${level}" == "Error") then
		    levelFld = "error"
		    elseif ("${level}" == "Warning") then
		    levelFld = "warning"
		    elseif ("${level}" == "Notification") then
		    levelFld = "notification"
		    elseif ("${level}" == "Information") then
		    levelFld = "information"
		    elseif ("${level}" == "Debugging") then
		    levelFld = "debug"
		    end

		    if ("${level_options}" == "Display_In_Event_Log") then
		    fld = "logConfig." .. levelFld .. "1"
		    elseif ("${level_options}" == "Send_to_syslog") then
		    fld = "logConfig." .. levelFld .. "3"
		    elseif ("${level_options}" == "Display_on_telnet" or
			   "${level_options}" == "Display_on_SSH_monitor") then
		    fld = "logConfig." .. levelFld .. "4"
		    end
		    		    
		    clishCfgObjAdd ("logging", fld, "${enable}")
        </ACTION>
    </COMMAND>
</VIEW>

<!--=======================================================-->
<VIEW name="system-syslog-config" prompt="system-config[syslog]> "> 
    <COMMAND name="save" help="Save syslog configuration changes.">
        <ACTION>lua clishCfgObjExec("syslog")
	  </ACTION>
    </COMMAND>
    <COMMAND name="exit" 
	     help="Save syslog configuration changes and exit current mode." 
	     view="root-view" viewid="">
	     <ACTION>lua clishCfgObjExec("syslog")</ACTION>
    </COMMAND>
    <COMMAND name="cancel" help="Roll back syslog configuration changes.">
	     <ACTION>lua clishCfgObjReset()</ACTION>
    </COMMAND>
    <COMMAND name="log-identifier" help="Set the log identifier prefixed to both, 
e-mail and Syslog messages.">
	<PARAM name="identifier" 
	       help="Log identifier string."
	       ptype="STRING"/>
        <ACTION>lua clishCfgObjAdd ("syslog", "emailLogs.logId", "${identifier}")
        </ACTION>
    </COMMAND>
    <COMMAND name="email-logs-enable" help="Set whether or not system emails scheduled 
logs.">
	<PARAM name="enabled" 
	       help="Email logs enabled or disabled."
	       ptype="CHOICE_INT"/>
        <ACTION>lua clishCfgObjAdd ("syslog", "emailLogsEnable", "${enabled}")
        </ACTION>
    </COMMAND>
    <COMMAND name="email-server" help="Set options for emailing of logs.">
	<PARAM name="ip_address" 
	       help="IP Address or internet name of an SMTP server."
	       ptype="STRING"/>
        <ACTION>lua clishCfgObjAdd ("syslog", "smtpServer.emailServer",
		    "${ip_address}")
        </ACTION>
    </COMMAND>
    <COMMAND name="return-email" 
	     help="Set email address SMTP server replies are sent.">
	<PARAM name="email" 
	       help="Return email address."
	       ptype="STRING"/>
        <ACTION>lua clishCfgObjAdd ("syslog", "smtpServer.fromAddr", "${email}")
        </ACTION>
    </COMMAND>
    <COMMAND name="sendto-email" 
	     help="Set email address where logs and alerts will be sent.">
	<PARAM name="email" 
	       help="Send to email address."
	       ptype="STRING"/>
        <ACTION>lua clishCfgObjAdd ("syslog", "smtpServer.toAddr", "${email}")
        </ACTION>
    </COMMAND>
    <COMMAND name="smtp-auth" help="Set SMTP authentication details."/>
    <COMMAND name="smtp-auth smtp-auth-type" 
	     help="Set SMTP authentication types.">
	<PARAM name="smtp_auth" 
	       help="SMTP authentication types."
	       ptype="LOG_SMTP_AUTH_T"/>
        <ACTION>lua clishCfgObjAdd ("syslog", "smtpServer.auth",
		    "${smtp_auth}")
        </ACTION>
    </COMMAND>
    <COMMAND name="smtp-auth username" 
	     help="Set SMTP authentication username (for plain and CRAM-MD5 auth).">
	<PARAM name="username" 
	       help="Username for SMTP authentication."
	       ptype="STRING"/>
        <ACTION>lua clishCfgObjAdd ("syslog", "smtpServer.userName", "${username}")
        </ACTION>
    </COMMAND>
    <COMMAND name="smtp-auth password" 
	     help="Set SMTP authentication password (for plain and CRAM-MD5 auth).">
	<PARAM name="password" 
	       help="Password for SMTP authentication."
	       ptype="STRING"/>
        <ACTION>lua clishCfgObjAdd ("syslog", "smtpServer.passWord", "${password}")
        </ACTION>
    </COMMAND>
    <COMMAND name="schedule" help="Set schedule for sending log by email."/>
    <COMMAND name="schedule unit" help="Set schedule unit.">
	<PARAM name="unit"
	       help="Schedule unit."
	       ptype="SCHED_UNIT_T"/>
        <ACTION>lua clishCfgObjAdd ("syslog", "crontabunit", "${unit}")
        </ACTION>
    </COMMAND>
    <COMMAND name="schedule day" help="Set schedule day.">
	<PARAM name="day"
	       help="Schedule day. Required only if unit is 'daily'."
	       ptype="SCHED_DAY_T"/>
        <ACTION>lua clishCfgObjAdd ("syslog", "crontab.dayOfWeek", "${day}")
        </ACTION>
    </COMMAND>
    <COMMAND name="schedule time" help="Set schedule time.">
	<PARAM name="time" 
	       help="Schedule time. Required only if unit is 'daily' or 'weekly'."
	       ptype="SCHED_TIME_T"/>
        <ACTION>lua clishCfgObjAdd ("syslog", "crontab.hour", "${time}")
        </ACTION>
    </COMMAND>
    <COMMAND name="schedule meridiem" help="Set schedule meridiem.">
	<PARAM name="meridiem" 
	       help="Time in A.M. or P.M. Required only if unit is 'daily' or 'weekly'."
	       ptype="SCHED_MERIDIEM_T"/>
        <ACTION>lua clishCfgObjAdd ("syslog", "crontab.meridiem",
		    "${meridiem}")
        </ACTION>
    </COMMAND>
</VIEW>

<!--=======================================================-->
    <!--=======================================================-->
    <COMMAND name="system logging"
	     access="admin"
        help="System logging configuration."/>
    <!--=======================================================-->
    <COMMAND name="system syslog"
	     access="admin"
        help="System syslog configuration."/>
    <!--=======================================================-->
    <COMMAND name="system logging configure"
        help="System logging configuration mode."
        view="system-logging-config" viewid="">
	<PARAM name="facility" 
	    help="Facility type to configure." 
	    ptype="LOG_FAC_T"/>
        <ACTION>lua clishCfgObjNew ("logging", loggingCfgInit, 
		    loggingCfgSave, loggingCfgInputVal, "${facility}")
        </ACTION>
    </COMMAND>
    <!--=======================================================-->
    <COMMAND name="system syslog configure"
        help="System syslog configuration mode."
        view="system-syslog-config" viewid="">
        <ACTION>lua clishCfgObjNew ("syslog", syslogCfgInit, 
		    syslogCfgSave, syslogCfgInputVal)
        </ACTION>
    </COMMAND>
<!--=======================================================-->
</CLISH_MODULE>