<root>
<version>20201020</version>
<dynamic>
<friendlyName>Jio Media Server</friendlyName>
<manufacturer>Reliance Infocomm Ltd</manufacturer>
<manufacturerURL>http://www.ril.com</manufacturerURL>
<modelName>ACCESS Twine SDK 1.0</modelName>
<modelNumber>1.0</modelNumber>
<modelURL>http://www.access-twine.com/</modelURL>
<UDN>uuid:00000000-0000-0000-0000-000000000000</UDN>
<RUIS_UDN>uuid:00000000-0000-0000-0000-000000000000</RUIS_UDN>
<pnpx:X_hardwareId>VEN_0033&amp;DEV_0001&amp;REV_01</pnpx:X_hardwareId>
<pnpx:X_compatibleId>MS_DigitalMediaDeviceClass_DMS_V001</pnpx:X_compatibleId>
<pnpx:X_deviceCategory>MediaDevices</pnpx:X_deviceCategory>
<df:X_deviceCategory>Multimedia.DMS</df:X_deviceCategory>
<df:X_modelId>NFLC-DMS</df:X_modelId>
<df:X_containerId>00000000-0000-0000-0000-000000000000</df:X_containerId>
<ACCESS_X_DOMID/>
<ACCESS_X_GID/>
</dynamic>
<extension>
<twineVersion>1.3.42</twineVersion>
<twineRevision>8b2f715b1e</twineRevision>
<twineBuildDate>Tue, 20 Oct 2020 11:54:35 +0200</twineBuildDate>
<microsoft:magicPacketWakeSupported>0</microsoft:magicPacketWakeSupported>
</extension>
</root>
