<?xml version="1.0"?>
<scpd xmlns="urn:schemas-upnp-org:service-1-0">
	<specVersion>
		<major>1</major>
		<minor>0</minor>
	</specVersion>
	<actionList>
    <action>
      <name>GetCommonLinkProperties</name>
      <argumentList>
        <argument>
          <name>NewWANAccessType</name>
          <direction>out</direction>
          <relatedStateVariable>WANAccessType</relatedStateVariable>
        </argument>
        <argument>
          <name>NewLayer1UpstreamMaxBitRate</name>
          <direction>out</direction>
          <relatedStateVariable>Layer1UpstreamMaxBitRate</relatedStateVariable>
        </argument>
        <argument>
          <name>NewLayer1DownstreamMaxBitRate</name>
          <direction>out</direction>
          <relatedStateVariable>Layer1DownstreamMaxBitRate</relatedStateVariable>
        </argument>
        <argument>
          <name>NewPhysicalLinkStatus</name>
          <direction>out</direction>
          <relatedStateVariable>PhysicalLinkStatus</relatedStateVariable>
        </argument>
      </argumentList>
    </action>
    <action>
    <name>GetTotalBytesSent</name>
      <argumentList>
        <argument>
          <name>NewTotalBytesSent</name>
          <direction>out</direction>
          <relatedStateVariable>TotalBytesSent</relatedStateVariable>
        </argument>
      </argumentList>
    </action>
    <action>
    <name>GetTotalBytesReceived</name>
      <argumentList>
        <argument>
          <name>NewTotalBytesReceived</name>
          <direction>out</direction>
          <relatedStateVariable>TotalBytesReceived</relatedStateVariable>
        </argument>
      </argumentList>
    </action>
    <action>
    <name>GetTotalPacketsSent</name>
      <argumentList>
        <argument>
          <name>NewTotalPacketsSent</name>
          <direction>out</direction>
          <relatedStateVariable>TotalPacketsSent</relatedStateVariable>
        </argument>
      </argumentList>
    </action>
    <action>
    <name>GetTotalPacketsReceived</name>
      <argumentList>
        <argument>
          <name>NewTotalPacketsReceived</name>
          <direction>out</direction>
         <relatedStateVariable>TotalPacketsReceived</relatedStateVariable>
        </argument>
      </argumentList>
    </action>
	</actionList>
	<serviceStateTable>
		<stateVariable sendEvents="no">
			<name>WANAccessType</name>
			<dataType>string</dataType>
			<allowedValueList>
				<allowedValue>DSL</allowedValue>
				<allowedValue>POTS</allowedValue>
				<allowedValue>Cable</allowedValue>
				<allowedValue>Ethernet</allowedValue>
				<allowedValue>Other</allowedValue>
			</allowedValueList>
		</stateVariable>
		<stateVariable sendEvents="no">
			<name>Layer1UpstreamMaxBitRate</name>
			<dataType>ui4</dataType>
		</stateVariable>
		<stateVariable sendEvents="no">
			<name>Layer1DownstreamMaxBitRate</name>
			<dataType>ui4</dataType>
		</stateVariable>
		<stateVariable sendEvents="yes">
			<name>PhysicalLinkStatus</name>
			<dataType>string</dataType>
	  <allowedValueList>
        <allowedValue>Up</allowedValue>
        <allowedValue>Down</allowedValue>
        <allowedValue>Initializing</allowedValue>
        <allowedValue>Unavailable</allowedValue>
      </allowedValueList>
		</stateVariable>
    <stateVariable sendEvents="no">
      <name>WANAccessProvider</name>
      <dataType>string</dataType>
    </stateVariable>
    <stateVariable sendEvents="no">
      <name>MaximumActiveConnections</name>
      <dataType>ui2</dataType>
      <allowedValueRange>
        <minimum>1</minimum>
        <maximum></maximum>
        <step>1</step>
      </allowedValueRange>
    </stateVariable>
    <stateVariable sendEvents="no">
      <name>TotalBytesSent</name>
      <dataType>ui4</dataType>
    </stateVariable>
    <stateVariable sendEvents="no">
      <name>TotalBytesReceived</name>
      <dataType>ui4</dataType>
    </stateVariable>
    <stateVariable sendEvents="no">
      <name>TotalPacketsSent</name>
      <dataType>ui4</dataType>
    </stateVariable>
    <stateVariable sendEvents="no">
      <name>TotalPacketsReceived</name>
      <dataType>ui4</dataType>
    </stateVariable>
	</serviceStateTable>
</scpd>
