<?xml version="1.0" encoding="UTF-8"?>
<CLISH_MODULE xmlns="http://clish.sourceforge.net/XMLSchema" 
			  xmlns:xsi="http://www.w3.org/2001/XMLSchema-instance" 
			  xsi:schemaLocation="http://clish.sourceforge.net/XMLSchema
              http://clish.sourceforge.net/XMLSchema/clish.xsd">
              
<!--=======================================================-->
<VIEW name="net-cp-profile-config" prompt="net-config[cpProfile]> "> 
    <COMMAND name="save" help="Save  captive portal billing profile configuration changes.">
	     <ACTION>lua clishCfgObjExec("tmpProfile")
	     </ACTION>
    </COMMAND>
    <COMMAND name="exit" 
	     help="Save captive portal billing profile changes and exit current mode." 
	     view="root-view" viewid="">
	     <ACTION>lua clishCfgObjExec("tmpProfile")</ACTION>
    </COMMAND>
    <COMMAND name="cancel" help="Roll back configuration changes.">
	     <ACTION>lua clishCfgObjReset()</ACTION>
    </COMMAND>
    <COMMAND name="profile_name"
             help="Each profile will be having a profile Name to identify itself.">
             <PARAM name="name"
                    help="Enter Profile Name"
                    ptype="STRING"/>
             <ACTION>lua clishCfgObjAdd ("tmpProfile","tempCPUserProfiles.ProfileName", "${name}")              
             </ACTION>
    </COMMAND>
	 <COMMAND name="profile_description"
             help="This is the description of the profile.">
             <PARAM name="description"
                    help="Enter Profile Description"
                    ptype="STRING"/>
             <ACTION>lua clishCfgObjAdd ("tmpProfile","tempCPUserProfiles.ProfileDesc", "${description}")              
             </ACTION>
    </COMMAND>
    <COMMAND name="allow_multiple_login"
             help="Checking this option will allow multiple users to use same captive portal login 
             			  credentials created for this profile to login simultaneously.">
             <PARAM name="status"
                    help="Enable/Disable"
                    ptype="CHOICE_INT"/>
             <ACTION>lua clishCfgObjAdd ("tmpProfile","tempCPUserProfiles.MultiLogin", "${status}")              
             </ACTION>i
    </COMMAND>
	<COMMAND name="allow_customization_at_frontdesk"
             help="Allow customized account on Frontdesk:Checking this option enables frontdesk user to 
             			  give customized account name to the captiveportal users being created on this profile.">
             <PARAM name="status"
                    help="Enable/Disable"
                    ptype="CHOICE_INT"/>
             <ACTION>lua clishCfgObjAdd ("tmpProfile","tempCPUserProfiles.ModifyAccount", "${status}")              
             </ACTION>
    </COMMAND>
    <COMMAND name="allow_batch_frontdesk"
             help="Allow batch generation on Frontdesk:Checking this option enables frontdesk user to 
             			  generate a batch of temporary CP users at one click.">
             <PARAM name="status"
                    help="Enable/Disable"
                    ptype="CHOICE_INT"/>
             <ACTION>lua clishCfgObjAdd ("tmpProfile","tempCPUserProfiles.BatchGen", "${status}")              
             </ACTION>
    </COMMAND>
	<COMMAND name="session_timeout"
             help="Idle timeout for CP users generated for this profile.">
             <PARAM name="timeout"
                    help="Enter the timeout value in mins"
                    ptype="UINT"/>
             <ACTION>lua clishCfgObjAdd ("tmpProfile","tempCPUserProfiles.IdleTimeout", "${timeout}")              
             </ACTION>
    </COMMAND>
	<COMMAND name="alert_customize" help="Show alert message on login page while rest of usage time/traffic under 
				  specified value."/>
	<COMMAND name="alert_customize type"
             help="The type(Hours/Days/MB/GB) of alert check you want to specify">
             <PARAM name="type"
                    help="Enter the alert type"
                    ptype="CP_ACC_ALERT_TYPE"/>
             <ACTION>lua clishCfgObjAdd ("tmpProfile","tempCPUserProfiles.AlertType", "${type}")              
             </ACTION>
    </COMMAND>
	<COMMAND name="alert_customize value"
             help="Enter a value here in Hours/Days/MB/GB to get an alert message when usage time/traffic left reaches the  					desired limit.">
             <PARAM name="value"
                    help="Enter the alert interval value"
                    ptype="UINT"/>
             <ACTION>lua clishCfgObjAdd ("tmpProfile","tempCPUserProfiles.AlertValue", "${value}")              
             </ACTION>
    </COMMAND>
    <COMMAND name="enable_begin_end_time"
             help="Limitations on Duration basis.">
             <PARAM name="status"
                    help="Enable/Disable"
                    ptype="CHOICE_INT"/>
             <ACTION>lua clishCfgObjAdd ("tmpProfile","tempCPUserProfiles.ValidDurationCheck", "${status}")              
             </ACTION>
    </COMMAND>
    <COMMAND name="valid_begin" help="There are 3 types of limiting user access by duration.                                                                	  Start While Account Created: Activate account when user is created.
    				  Start While Account Login: Activate account when user first login using his                                              	  credentials.Begin From: Activate account from this date"/>
	 <COMMAND name="valid_begin start_created" help="Start While Account Created"/>
	<COMMAND name="valid_begin start_login" help="Start While Account Login"/>
	<COMMAND name="valid_begin_type"
             help="Select between:Start While Account Created/Start While Account Login/Begin From">
             <PARAM name="status"
                    help="Select one of the duration type"
                    ptype="CP_ACC_DURATION_TYPE"/>
             <ACTION>lua clishCfgObjAdd ("tmpProfile","tempCPUserProfiles.DurationType", "${status}")              
             </ACTION>
    </COMMAND>
    <COMMAND name="valid_begin start_created type"
             help="Specifiy the type(day/hours) of value.">
             <PARAM name="start_type"
                    help="Day/Hours"
                    ptype="TIME_TYPE"/>
             <ACTION>lua clishCfgObjAdd ("tmpProfile","tempCPUserProfiles.StartCreatedType", "${start_type}")              
             </ACTION>
    </COMMAND>
    <COMMAND name="valid_begin start_created value"
             help="Specify the Start Created Value.The account will expire after this value.">
             <PARAM name="start_time"
                    help="Enter the value in day/hours"
                    ptype="UINT"/>
             <ACTION>lua clishCfgObjAdd ("tmpProfile","tempCPUserProfiles.StartCreatedTime", "${start_time}")              
             </ACTION>
    </COMMAND>
    <COMMAND name="valid_begin start_login value"
             help="Specify the Start Login Value.The account will expire after this value.">
             <PARAM name="status"
                    help="Enter the value in day/hours"
                    ptype="UINT"/>
             <ACTION>lua clishCfgObjAdd ("tmpProfile","tempCPUserProfiles.StartLoginTime", "${status}")              
             </ACTION>
    </COMMAND>
	<COMMAND name="valid_begin start_login type"
             help="Specifiy the type(day/hours) of value.">
             <PARAM name="start_type"
                    help="Day/Hours"
                    ptype="TIME_TYPE"/>
             <ACTION>lua clishCfgObjAdd ("tmpProfile","tempCPUserProfiles.StartLoginType", "${start_type}")              
             </ACTION>
    </COMMAND>
	<COMMAND name="valid_begin begin_time"
             help="Begin From">
             <PARAM name="start_time"
                    help="Please Specify date in MM/DD/YY HH:MM format. eg:10/31/2012 00:00"
                    ptype="STRING"/>
             <ACTION>lua clishCfgObjAdd ("tmpProfile","tempCPUserProfiles.BeginDate", "${start_time}")              
             </ACTION>
    </COMMAND>
	<COMMAND name="allow_modify_duration"
             help="Checking this option enables frontdesk user to modify duration limits.">
             <PARAM name="status"
                    help="Enable/Disable"
                    ptype="CHOICE_INT"/>
             <ACTION>lua clishCfgObjAdd ("tmpProfile","tempCPUserProfiles.ModifyDuration", "${status}")              
             </ACTION>
    </COMMAND>
	<COMMAND name="allow_modify_usage"
             help="Checking this option enables frontdesk user to modify usage limits.">
             <PARAM name="status"
                    help="Enable/Disable"
                    ptype="CHOICE_INT"/>
             <ACTION>lua clishCfgObjAdd ("tmpProfile","tempCPUserProfiles.ModifyUsage", "${status}")              
             </ACTION>
    </COMMAND>
	 <COMMAND name="max_usage_time" help="Limits on Time Usage basis."/>
	<COMMAND name="max_usage_traffic" help="Limits on Traffic Usage basis."/>
	<COMMAND name="max_usage_time value"
             help="Specify the max time usage value.">
             <PARAM name="time_value"
                    help="Enter the value in day/hour"
                    ptype="UINT"/>
             <ACTION>lua clishCfgObjAdd ("tmpProfile","tempCPUserProfiles.MaxUsageTimeValue", "${time_value}")              
             </ACTION>
    </COMMAND>
	<COMMAND name="max_usage_time enable"
             help="Maximum time user can stay login before his account expires.">
             <PARAM name="status"
                    help="Enable/Disable"
                    ptype="CHOICE_INT"/>
             <ACTION>lua clishCfgObjAdd ("tmpProfile","tempCPUserProfiles.MaxUsageTimeCheck", "${status}")              
             </ACTION>
    </COMMAND>
	<COMMAND name="max_usage_time type"
             help="Specifiy the type(day/hours) of max time usage value.">
             <PARAM name="time_type"
                    help="Day/Hours"
                    ptype="TIME_TYPE"/>
             <ACTION>lua clishCfgObjAdd ("tmpProfile","tempCPUserProfiles.MaxUsageTimeType", "${time_type}")              
             </ACTION>
    </COMMAND>
	<COMMAND name="max_usage_traffic value"
             help="Specify the max traffic usage value.">
             <PARAM name="traffic_value"
                    help="Enter the value in MB/GB"
                    ptype="UINT"/>
             <ACTION>lua clishCfgObjAdd ("tmpProfile","tempCPUserProfiles.MaxUsageTrafficValue", "${traffic_value}")              
             </ACTION>
    </COMMAND>
	<COMMAND name="max_usage_traffic enable"
             help="Maximum traffic user can use before his account expires.">
             <PARAM name="status"
                    help="Enable/Disable"
                    ptype="CHOICE_INT"/>
             <ACTION>lua clishCfgObjAdd ("tmpProfile","tempCPUserProfiles.MaxUsageTrafficCheck", "${status}")              
             </ACTION>
    </COMMAND>
	<COMMAND name="max_usage_traffic type"
             help="Specifiy the type(day/hours) of max traffic usage value.">
             <PARAM name="traffic_type"
                    help="Select between:MB/GB"
                    ptype="BANDWIDTH_TYPE"/>
             <ACTION>lua clishCfgObjAdd ("tmpProfile","tempCPUserProfiles.MaxUsageTrafficType", "${traffic_type}")              
             </ACTION>
    </COMMAND>
</VIEW>
<!--=======================================================-->
    <COMMAND name="net captivePortal" help="Captive Portal Configuration Changes."/>
<!--=======================================================-->
    <COMMAND name="net captivePortal billing_profile" help="Billing Profile."/>    
    <!--=======================================================-->
    <COMMAND name="net captivePortal billing_profile add"
             help="Add a billing profile."
             view="net-cp-profile-config" viewid="">
               <ACTION>lua clishCfgObjNew ("tmpProfile",tmpProfileCfgInit, tmpProfileCfgSave,tmpProfileCfgInputVal)
                    </ACTION>
    </COMMAND>
    <COMMAND name="net captivePortal billing_profile edit"
             help="Edit a billing profile."
             view="net-cp-profile-config" viewid="">
    <PARAM name="row_id" 
           help="Enter row id of profile to be edited"
           ptype="UINT"/>
           	<ACTION>lua clishCfgObjNew ("tmpProfile",tmpProfileCfgInit, tmpProfileCfgSave,tmpProfileCfgInputVal,"${row_id}")
                    </ACTION>
                  
    </COMMAND>
    <COMMAND name="net captivePortal billing_profile delete"
             help="Delete a Billing Profile.">
    <PARAM name="row_id" 
           help="Enter row id of profile to be deleted"
           ptype="UINT"/>
          	<ACTION>lua clishCmdExec (tmpProfileCfgDel,"${row_id}")
                   </ACTION>
    </COMMAND>

</CLISH_MODULE>
