<?xml version="1.0" encoding="utf-8"?>
<root xmlns="urn:schemas-upnp-org:device-1-0" xmlns:dlna="urn:schemas-dlna-org:device-1-0">
<version>20181204</version>
<specVersion>
<major>1</major>
<minor>0</minor>
</specVersion>
<device>
<dlna:X_DLNADOC>DLNA-1.50</dlna:X_DLNADOC>
<deviceType>urn:schemas-upnp-org:device:RAServer:1</deviceType>
<friendlyName>Remote Media Server</friendlyName>
<manufacturer>Reliance Infocomm Ltd</manufacturer>
<manufacturerURL>http://www.ril.com</manufacturerURL>
<modelName>ACCESS Twine HGW RAS 1.0</modelName>
<modelNumber>1.0</modelNumber>
<modelURL>http://www.access-company.com/</modelURL>
<UDN>uuid:00000000-0000-0000-0000-000000000000</UDN>
<ACCESS_X_DOMID></ACCESS_X_DOMID>
<ACCESS_X_GID></ACCESS_X_GID>
<ACCESS_X_IV></ACCESS_X_IV>
<extension>
<twineVersion>1.8.39</twineVersion>
<twineRevision>90b7deb4c5</twineRevision>
<twineBuildDate>Tue, 13 Jul 2021 07:02:07 +0200</twineBuildDate>
</extension>
<serviceList>
<service>
<serviceType>urn:schemas-upnp-org:service:RADAConfig:1</serviceType>
<serviceId>urn:upnp-org:serviceId:RADAConfig</serviceId>
<SCPDURL>/RADAConfig1.xml</SCPDURL>
<controlURL>control/RADAConfig</controlURL>
<eventSubURL>event/RADAConfig</eventSubURL>
</service>
<service>
<serviceType>urn:schemas-upnp-org:service:RATAConfig:1</serviceType>
<serviceId>urn:upnp-org:serviceId:RATAConfig</serviceId>
<SCPDURL>/RATAConfig1.xml</SCPDURL>
<controlURL>control/RATAConfig</controlURL>
<eventSubURL>event/RATAConfig</eventSubURL>
</service>
<service>
<serviceType>urn:schemas-upnp-org:service:InboundConnectionConfig:1</serviceType>
<serviceId>urn:upnp-org:serviceId:InboundConnectionConfig</serviceId>
<SCPDURL>/InboundConnectionConfig1.xml</SCPDURL>
<controlURL>control/InboundConnectionConfig</controlURL>
<eventSubURL>event/InboundConnectionConfig</eventSubURL>
</service>
</serviceList>
<iconList>
<icon>
<mimetype>image/jpeg</mimetype>
<width>48</width>
<height>48</height>
<depth>24</depth>
<url>/icon/RADA-small.jpg</url>
</icon>
<icon>
<mimetype>image/jpeg</mimetype>
<width>120</width>
<height>120</height>
<depth>24</depth>
<url>/icon/RADA-large.jpg</url>
</icon>
<icon>
<mimetype>image/png</mimetype>
<width>48</width>
<height>48</height>
<depth>24</depth>
<url>/icon/RADA-small.png</url>
</icon>
<icon>
<mimetype>image/png</mimetype>
<width>120</width>
<height>120</height>
<depth>24</depth>
<url>/icon/RADA-large.png</url>
</icon>
</iconList>
</device>
</root>
