<?xml version="1.0" encoding="utf-8"?>
<root>
	<version>20181204</version>
<!--
  enable this if the RAS shall use an IP4 IP to listen for incomming calls
  here an unspecified address tells the twine backend to take the IP from the packet
-->
<!--
	<PublicIP>0.0.0.0:5000</PublicIP>
-->

<!--
  enable this if the RAS shall use an IPv6 IP to listen for incomming calls
  here an unspecified address tells the twine backend to take the IP from the packet
-->
	<PublicIP>[::]:5000</PublicIP>
	<MasterPort>5000</MasterPort>
	<PortMin>5000</PortMin>
	<PortMax>5100</PortMax>
	<PATH>.</PATH>
	<NetIF>bdg1</NetIF>
	<NetIFProxy>bdg2</NetIFProxy>
	<NetAddressUpDelay>10</NetAddressUpDelay>
	<rasProxyPort>6666</rasProxyPort> <!-- Only used if ras is started in proxy mode. -->
	<rasProxyHostName>obel-0961l</rasProxyHostName> <!-- Can be also a valid ip address. Only used if ras is started in proxy mode -->
</root>
