<?xml version="1.0"?>
<wap-provisioningdoc version="1.1">
	<characteristic type="application">
		<characteristic type="other">
			<parm name="deviceid" value="1"/>
			<parm name="uuid_value" overwrite="1" value="&lt;urn:gsma:imei:00000000-000000-0&gt;"/>
		</characteristic>
	</characteristic>
	<characteristic type="cgw">
		<characteristic type="call">
			<parm name="preload" value="1"/>
			<parm name="outgoingcalltimeout" value="60000"/>
			<characteristic type="supplementaryservices">
				<parm name="callwaiting" value="1"/>
			</characteristic>
			<!--
			0: parallel ringing
			1: sequential ringing
			-->
			<parm name="ringtype" value="0"/>
			<parm name="allowmultipleactivecalls" value="1"/>
		</characteristic>
		<characteristic type="Report">
			<parm name="preload" value="1"/>
			<parm name="enabled" value="1"/>
			<parm name="userType" value="msisdn"/>
			<parm name="userRegex" value="[+](\d+)"/>
			<parm name="sslVerifyPeer" value="0"/>
			<parm name="sslVerifyHost" value="0"/>
			<parm name="timeoutConnection" value="2000"/>
			<parm name="thresholdLocationTime" value="43200000"/>
			<!--MiliSeconds-->
			<parm name="locationTimeout" value="90"/>
			<!--Seconds-->
			<characteristic type="channelList">
				<characteristic type="channel1">
					<characteristic type="config">
						<parm name="allowRoaming" value="0"/>
						<parm name="channelState" value="1"/>
						<parm name="dbReadLimit" value="200"/>
						<parm name="dbCountLimit" value="2000"/>
						<parm name="thresholdNetworkCount" value="0"/>
						<parm name="thresholdNetworkTime" value="0"/>
						<!--Seconds-->
						<parm name="thresholdWifiCount" value="0"/>
						<parm name="thresholdWifiTime" value="0"/>
						<!--Seconds-->
						<parm name="maxTimeRetrys" value="3600"/>
						<!--Seconds 3600-->
						<parm name="url" value="/new"/>
					</characteristic>
					<characteristic type="eventFilterList">
						<characteristic type="filter1">
							<parm name="id" value="1"/>
							<parm name="id" value="2"/>
							<parm name="id" value="3"/>
							<parm name="id" value="4"/>
							<parm name="id" value="10"/>
							<parm name="id" value="11"/>
							<parm name="id" value="55"/>
							<characteristic type="rulesList">
								<characteristic type="rule1">
									<parm name="parameter" value="result"/>
									<parm name="value" value="(.*failure.*)|(.*error.*)|(.*transport-broken.*)|(.*msrp-content-timeout.*)|(.*other-failure.*)"/>
								</characteristic>
							</characteristic>
						</characteristic>
						<characteristic type="filter2">
							<parm name="id" value="16"/>
							<parm name="id" value="18"/>
							<parm name="id" value="61"/>
							<characteristic type="rulesList">
								<characteristic type="rule1">
									<parm name="parameter" value="status"/>
									<parm name="value" value="(.*failure.*)|(.*failed.*)"/>
								</characteristic>
							</characteristic>
						</characteristic>
						<characteristic type="filter3">
							<parm name="id" value="13"/>
							<characteristic type="rulesList">
								<characteristic type="rule1">
									<parm name="parameter" value="transport-setup"/>
									<parm name="value" value="^((?!success).)*$"/>
								</characteristic>
							</characteristic>
						</characteristic>
						<characteristic type="filter4">
							<parm name="id" value="0"/>
							<parm name="id" value="12"/>
						</characteristic>
					</characteristic>
				</characteristic>
				<characteristic type="channel2">
					<characteristic type="config">
						<parm name="allowRoaming" value="0"/>
						<parm name="channelState" value="2"/>
						<parm name="dbReadLimit" value="200"/>
						<parm name="dbCountLimit" value="2000"/>
						<parm name="thresholdNetworkCount" value="1000"/>
						<parm name="thresholdNetworkTime" value="86400"/>
						<!--Seconds-->
						<parm name="thresholdWifiCount" value="1000"/>
						<parm name="thresholdWifiTime" value="3600"/>
						<!--Seconds-->
						<parm name="maxTimeRetrys" value="0"/>
						<!--Seconds-->
						<parm name="url" value="/new"/>
					</characteristic>
					<characteristic type="eventFilterList">
						<characteristic type="filter1">
							<parm name="id" value="0"/>
							<parm name="id" value="1"/>
							<parm name="id" value="2"/>
							<parm name="id" value="3"/>
							<parm name="id" value="4"/>
							<parm name="id" value="5"/>
							<parm name="id" value="6"/>
							<parm name="id" value="7"/>
							<!-- Removed 8 and 9: OPTIONS -->
							<parm name="id" value="10"/>
							<parm name="id" value="11"/>
							<parm name="id" value="12"/>
							<parm name="id" value="13"/>
							<parm name="id" value="14"/>
							<parm name="id" value="15"/>
							<parm name="id" value="16"/>
							<parm name="id" value="17"/>
							<parm name="id" value="18"/>
							<parm name="id" value="19"/>
							<parm name="id" value="20"/>
							<parm name="id" value="21"/>
							<parm name="id" value="22"/>
							<parm name="id" value="23"/>
							<parm name="id" value="24"/>
							<parm name="id" value="25"/>
							<parm name="id" value="26"/>
							<parm name="id" value="27"/>
							<parm name="id" value="28"/>
							<parm name="id" value="29"/>
							<parm name="id" value="30"/>
							<parm name="id" value="31"/>
							<parm name="id" value="32"/>
							<parm name="id" value="33"/>
							<parm name="id" value="34"/>
							<parm name="id" value="35"/>
							<parm name="id" value="36"/>
							<parm name="id" value="37"/>
							<parm name="id" value="38"/>
							<parm name="id" value="39"/>
							<parm name="id" value="40"/>
							<parm name="id" value="41"/>
							<parm name="id" value="42"/>
							<parm name="id" value="43"/>
							<parm name="id" value="44"/>
							<parm name="id" value="45"/>
							<parm name="id" value="46"/>
							<parm name="id" value="47"/>
							<parm name="id" value="48"/>
							<parm name="id" value="49"/>
							<parm name="id" value="50"/>
							<parm name="id" value="51"/>
							<parm name="id" value="52"/>
							<parm name="id" value="53"/>
							<parm name="id" value="54"/>
							<parm name="id" value="55"/>
							<parm name="id" value="56"/>
							<parm name="id" value="57"/>
							<parm name="id" value="58"/>
							<parm name="id" value="59"/>
							<parm name="id" value="60"/>
							<parm name="id" value="61"/>
							<parm name="id" value="62"/>
							<parm name="id" value="63"/>
							<parm name="id" value="64"/>
							<parm name="id" value="65"/>
							<parm name="id" value="66"/>
							<parm name="id" value="67"/>
							<parm name="id" value="68"/>
							<parm name="id" value="69"/>
							<parm name="id" value="70"/>
							<parm name="id" value="71"/>
							<parm name="id" value="72"/>
							<parm name="id" value="73"/>
							<parm name="id" value="74"/>
							<parm name="id" value="75"/>
							<parm name="id" value="76"/>
							<parm name="id" value="77"/>
							<parm name="id" value="78"/>
							<parm name="id" value="79"/>
							<parm name="id" value="80"/>
							<parm name="id" value="81"/>
							<parm name="id" value="82"/>
							<parm name="id" value="83"/>
							<parm name="id" value="84"/>
							<parm name="id" value="85"/>
							<parm name="id" value="86"/>
							<parm name="id" value="87"/>
							<parm name="id" value="88"/>
							<parm name="id" value="89"/>
							<parm name="id" value="90"/>
						</characteristic>
					</characteristic>
				</characteristic>
			</characteristic>
		</characteristic>
		<characteristic type="config">
			<characteristic type="http">
				<parm name="sslverifyhost" value="0"/>
				<parm name="sslverifypeer" value="0"/>
			</characteristic>
			<characteristic type="remoteconfig">
				<parm name="enabled" value="1"/>
				<parm name="extendparams" value="1"/>
				<parm name="profile" value="joyn_blackbird"/>
				<parm name="simmode" value="2"/>
				<parm name="client_vendor" value="WITS"/>
				<parm name="serialnumber" value="00000"/>
				<parm name="rcsversion" value="5.1B"/>
				<parm name="smsport" value="0"/>
				<parm name="identity_resolver" value="0"/>
				<!-- 0 = Local; 1 = TR.69/LTE -->
				<characteristic type="input">
					<parm name="initialhost" value="http://49.40.2.92/HGW/"/>
					<parm name="confighost" value="https://49.40.2.92/HGW/"/>
					<parm name="msisdn" value="+91[MSISDN]"/>
					<parm name="otp" value="12345"/>
				</characteristic>
			</characteristic>
			<characteristic type="deviceconfig">
				<parm name="dns" value="reliance.reliance"/>
				<parm name="tcpport" value="8080"/>
				<parm name="tlsport" value="8443"/>
				<parm name="ipv6enabled" value="1"/>
				<parm name="ignorewhitelist" value="2"/>
				<characteristic type="templates">
					<characteristic type="rcs">
						<parm name="name" value="rcs"/>
					</characteristic>
					<characteristic type="voice_only">
						<parm name="name" value="voice_only"/>
					</characteristic>
					<characteristic type="vvm">
						<parm name="name" value="vvm"/>
					</characteristic>
					<characteristic type="stb">
						<parm name="name" value="stb"/>
						<parm name="/application/serviceproviderext/ipvideocallbreakout" value="1"/>
					</characteristic>
				</characteristic>
			</characteristic>
		</characteristic>
		<characteristic type="http">
			<characteristic type="tls">
				<parm name="ciphers" value="DES-CBC-SHA:DES-CBC3-SHA"/>
			</characteristic>
		</characteristic>
		<characteristic type="media">
			<parm name="mode" value="1"/>
			<parm name="preload" value="1"/>
			<parm name="jbMax" value="800"/>
			<parm name="jbInitPrefetch" value="200"/>
			<parm name="jbDiscardAlgo" value="3"/>
			<parm name="rtpusenotimeoutindication" value="1"/>
			<characteristic type="audiocodecs">
				<parm name="codec1" value="OPUS/16000"/>
				<parm name="codec2" value="AMR/8000"/>
			</characteristic>
		</characteristic>
		<characteristic type="networkinfo">
			<parm name="preload" value="1"/>
			<parm name="enabled" value="1"/>
			<parm name="type" value="0"/>
			<!-- 0 = MIFI -->
			<parm name="pani" value=""/>
			<!-- Force header value -->
			<characteristic type="mifi">
				<parm name="host" value="jioodu.local.html"/>
				<parm name="port" value="6666"/>
				<parm name="maxretries" value="10"/>
				<parm name="maxresolveretries" value="10"/>
				<parm name="resolveretryseconds" value="3"/>
			</characteristic>
		</characteristic>
		<characteristic type="rtp">
			<parm name="beginport" value="0"/>
			<parm name="rangeport" value="0"/>
			<characteristic type="client">
				<parm name="qosdscpaudio" value="46"/>
				<parm name="qosdscpvideo" value="26"/>
			</characteristic>
			<characteristic type="server">
				<parm name="qosdscpaudio" value="46"/>
				<parm name="qosdscpvideo" value="26"/>
			</characteristic>
		</characteristic>
		<characteristic type="servicemanager">
			<characteristic type="pots">
				<parm name="enabled" value="1"/>
			</characteristic>
		</characteristic>
		<characteristic type="session">
			<parm name="preload" value="1"/>
			<parm name="usefqdncache" value="0"/>
			<parm name="maxdevregtime" value="300"/>
			<characteristic type="uaconfig">
				<parm name="keepaliveinterval" value="1050"/>
				<parm name="usets24299regdelay" value="1"/>
				<parm name="allowcontactrewrite" value="0"/>
				<parm name="regtimeout" value="600000"/>
				<parm name="subscriberegevent" value="1"/>
				<parm name="tcpkeepalivemechanism" value="2"/>
				<parm name="tlskeepalivemechanism" value="2"/>
				<parm name="udpkeepalivemechanism" value="2"/>
			</characteristic>
		</characteristic>
		<characteristic type="sip">
			<parm name="disablerfc5626outbound" value="0"/>
			<parm name="disabletcpswitch" value="1"/>
			<parm name="maxcalls" value="16"/>
			<parm name="transportserverqosdscp" value="46"/>
			<parm name="transportclientqosdscp" value="40"/>
			<parm name="transportudpport" value="5065"/>
			<parm name="transporttcpport" value="5065"/>
			<parm name="transporttlsport" value="5066"/>
			<parm name="transportudp6port" value="5067"/>
			<parm name="transporttcp6port" value="5067"/>
			<parm name="transporttls6port" value="5068"/>
			<parm name="transporttlsciphers" value="RSA_WITH_DES_CBC_SHA:RSA_WITH_3DES_EDE_CBC_SHA"/>
			<parm name="transporttlsvalidatecert" value="0"/>
			<parm name="transportforce" value="2"/>
			<parm name="transporttlsproto" value="4"/>
			<parm name="transportserverkeepalive" value="60"/>
			<parm name="transportinactivitytimeout" value="2"/>
			<parm name="transporttimeoutenabled" value="2"/>
			<characteristic type="panimodule">
				<parm name="enabled" value="1"/>
			</characteristic>
			<characteristic type="identitiesmodule">
				<parm name="usefirstidentity" value="1" />
			</characteristic>
			<characteristic type="registrar">
				<parm name="maxsessionexpires" value="600"/>
			</characteristic>
		</characteristic>
		<characteristic type="utils">
			<characteristic type="uri">
				<parm name="enforceinternational" value="0"/>
			</characteristic>
			<parm name="defaultcountrycode" value="91"/>
			<parm name="dnspriority" value="ipv6"/>
		</characteristic>
	</characteristic>
</wap-provisioningdoc>
