<?xml version="1.0" encoding="utf-8"?>
<scpd xmlns="urn:schemas-upnp-org:service-1-0">
	<serviceStateTable>
		<stateVariable>
			<name>NetworkTopologyInfo</name>
			<sendEventsAttribute>no</sendEventsAttribute>
			<dataType>string</dataType>
		</stateVariable>

		<stateVariable>
			<name>STUNServerAddress</name>
			<sendEventsAttribute>no</sendEventsAttribute>
			<dataType>string</dataType>
		</stateVariable>

		<stateVariable>
			<name>DynamicDNSConfigInfo</name>
			<sendEventsAttribute>no</sendEventsAttribute>
			<dataType>string</dataType>
		</stateVariable>

		<stateVariable>
			<name>DynamicDNSSupportedProtocols</name>
			<sendEventsAttribute>no</sendEventsAttribute>
			<dataType>string</dataType>
		</stateVariable>
	</serviceStateTable>

	<actionList>
		<action>
			<name>GetDynamicDNSSupportedProtocols</name>
			<argumentList>
				<argument>
					<name>DynamicDNSSupportedProtocols</name>
					<direction>out</direction>
					<relatedStateVariable>DynamicDNSSupportedProtocols</relatedStateVariable>
				</argument>
			</argumentList>
		</action>

		<action>
			<name>GetNetworkTopologyInfo</name>
			<argumentList>
				<argument>
					<name>CurrentNetworkTopologyInfo</name>
					<direction>out</direction>
					<relatedStateVariable>NetworkTopologyInfo</relatedStateVariable>
				</argument>
			</argumentList>
		</action>

		<action>
			<name>SetDynamicDNSConfigInfo</name>
			<argumentList>
				<argument>
					<name>NewDynamicDNSConfigInfo</name>
					<direction>in</direction>
					<relatedStateVariable>DynamicDNSConfigInfo</relatedStateVariable>
				</argument>
			</argumentList>
		</action>

		<action>
			<name>SetSTUNServerAddress</name>
			<argumentList>
				<argument>
					<name>NewSTUNServerAddress</name>
					<direction>in</direction>
					<relatedStateVariable>STUNServerAddress</relatedStateVariable>
				</argument>
			</argumentList>
		</action>
	</actionList>
</scpd>