<?xml version="1.0" encoding="UTF-8"?>
<CLISH_MODULE xmlns="http://clish.sourceforge.net/XMLSchema" 
	      xmlns:xsi="http://www.w3.org/2001/XMLSchema-instance" 
	      xsi:schemaLocation="http://clish.sourceforge.net/XMLSchema
              http://clish.sourceforge.net/XMLSchema/clish.xsd">

<!--=======================================================-->
<VIEW name="radius-config" prompt="radius-config> "> 
    <COMMAND name="save" help="Save RADIUS configuration changes.">
	<ACTION>lua clishCfgObjExec("radius")</ACTION>
    </COMMAND>
    <COMMAND name="exit" 
	     help="Save RADIUS configuration changes and exit current mode." 
	     view="root-view" viewid="">
	<ACTION>lua clishCfgObjExec("radius")</ACTION>
    </COMMAND>
    <COMMAND name="cancel" help="Roll back configuration changes">
        <ACTION>lua clishCfgObjReset()</ACTION>
    </COMMAND>
    <COMMAND name="radius-server" help="Set RADIUS server IP address.">
	<PARAM name="ip_address" 
	       help="RADIUS server IP address."
	       ptype="IP_ADDR"/>
	<ACTION>lua clishCfgObjAdd ("radius", "radiusClient.authserver", 
		    "${ip_address}")
        </ACTION>
    </COMMAND>
    <COMMAND name="authentication-port" help="Set RADIUS server port.">
	<PARAM name="port" 
	       help="RADIUS server port."
	       ptype="PORT"/>
	<ACTION>lua clishCfgObjAdd ("radius", "radiusClient.authport", "${port}")
        </ACTION>
    </COMMAND>
    <COMMAND name="secret" help="Set RADIUS server secret.">
	<PARAM name="secret" 
	       help="RADIUS server secret string."
	       ptype="STRING"/>
	<ACTION>lua clishCfgObjAdd ("radius", "radiusClient.authsecret", 
		    "${secret}")
        </ACTION>
    </COMMAND>
    <COMMAND name="timeout" help="Set RADIUS server connection timeout.">
	<PARAM name="timeout" 
	       help="RADIUS server connection timeout (in seconds)."
	       ptype="UINT"/>
	<ACTION>lua clishCfgObjAdd ("radius", "radiusClient.authtimeout", 
		    "${timeout}")
        </ACTION>
    </COMMAND>
    <COMMAND name="retries" help="Set RADIUS server connection rety attempts.">
	<PARAM name="retries" 
	       help="RADIUS server connection retry attempts."
	       ptype="UINT"/>
	<ACTION>lua clishCfgObjAdd ("radius", "radiusClient.authretries", 
		    "${retries}")
        </ACTION>
    </COMMAND>

</VIEW>

<!--=======================================================-->
    <COMMAND name="radius configure"
             help="RADIUS configuration mode."
             view="radius-config" viewid="">
	     <PARAM name="radius_server"
		    help="IP address of RADIUS server to configure."
		    ptype="IP_ADDR"/>
	<ACTION>lua clishCfgObjNew ("radius", radiusCfgInit, 
		    radiusCfgSave, radiusCfgInputVal,
		    "${radius_server}")
        </ACTION>
    </COMMAND>
    <COMMAND name="radius delete"
             help="Delete a RADIUS configuration mode."
	     view="root-view" viewid="">
	     <PARAM name="radius_server"
		    help="IP address of RADIUS server to configure."
		    ptype="IP_ADDR"/>
	<ACTION>lua clishCfgObjNew ("radiusDel", radiusCfgInit, 
		    radiusCfgDel, nil, "${radius_server}")
		    clishCfgObjExec("radiusDel")
        </ACTION>
    </COMMAND>
</CLISH_MODULE>