<?xml version="1.0" encoding="UTF-8"?>
<CLISH_MODULE xmlns="http://clish.sourceforge.net/XMLSchema" 
	      xmlns:xsi="http://www.w3.org/2001/XMLSchema-instance" 
	      xsi:schemaLocation="http://clish.sourceforge.net/XMLSchema
              http://clish.sourceforge.net/XMLSchema/clish.xsd">
<!--=======================================================-->
<VIEW name="system-time-config" prompt="system-config[time]> "> 
    <COMMAND name="save" help="Save time configuration changes.">
	     <ACTION>lua clishCfgObjExec("time")</ACTION>
    </COMMAND>
    <COMMAND name="exit" help="Save time configuration changes and current mode."
    	     view="root-view" viewid="">
	     <ACTION>lua clishCfgObjExec("time")</ACTION>
    </COMMAND>
    <COMMAND name="cancel" help="Roll back time configuration changes.">
	     <ACTION>lua clishCfgObjReset()</ACTION>
    </COMMAND>
    <COMMAND name="timezone" help="Timezone">
	     <PARAM name="tz"
		    help="Timezone"
		    ptype="TZ_NAME"/>
	     <ACTION>lua clishCfgObjAdd ("time", "ntp.timezone", "${tz}")
             </ACTION>
    </COMMAND>
    <COMMAND name="auto-daylight" help="Specify whether system automatically adjusts for daylight savings time">
	     <PARAM name="auto_daylight"
		    help="Login timeout (in minutes)"
		    ptype="CHOICE_INT"/>
	     <ACTION>lua clishCfgObjAdd ("time", "ntp.autoDaylight", "${auto_daylight}")
             </ACTION>
    </COMMAND>
    <COMMAND name="use-default-servers" help="Specify whether to use system default NTP servers.">
	     <PARAM name="enable"
		    help="Enable/Disable use of default NTP servers."
		    ptype="CHOICE_INT"/>
	     <ACTION>lua clishCfgObjAdd ("time", "ntp.useDefServers", "${enable}")
             </ACTION>
    </COMMAND>
    <COMMAND name="ntp-server-1" help="Set NTP server#1.">
	     <PARAM name="ntp_server"
		    help="Server 1 Name / IP Address"
		    ptype="STRING"/>
	     <ACTION>lua clishCfgObjAdd ("time", "ntp.server1", "${ntp_server}")
             </ACTION>
    </COMMAND>
    <COMMAND name="ntp-server-2" help="Set NTP server#2">
	     <PARAM name="ntp_server"
		    help="Server 2 Name / IP Address"
		    ptype="STRING"/>
	     <ACTION>lua clishCfgObjAdd ("time", "ntp.server2", "${ntp_server}")
             </ACTION>
    </COMMAND>
</VIEW>
    <!--=======================================================-->
    <COMMAND name="system time" 
	     access="admin"
	     help="System time configuration mode"/>
    <!--=======================================================-->
    <COMMAND name="system time configure"
             help="System time configuration mode"
             view="system-time-config" viewid="">
             <ACTION>lua clishCfgObjNew ("time", timeConfigInit, timeConfigSave, 
			 timeConfigInputVal)
             </ACTION>
    </COMMAND>
</CLISH_MODULE>