<?xml version="1.0" encoding="UTF-8"?>
<CLISH_MODULE xmlns="http://clish.sourceforge.net/XMLSchema" 
	      xmlns:xsi="http://www.w3.org/2001/XMLSchema-instance" 
	      xsi:schemaLocation="http://clish.sourceforge.net/XMLSchema
              http://clish.sourceforge.net/XMLSchema/clish.xsd">

    <!--===================================================-->
    <COMMAND name="util restore-factory-defaults" 
	     access="admin"
	     help="Revert to factory default settings.">
	<ACTION>lua utilCLIFactoryReset()</ACTION>
    </COMMAND>
    <!--===================================================-->
    <COMMAND name="util ping" 
	     access="admin" 
	     help="Ping or Trace an IP Address.">
	<PARAM name="ip_address" 
	       help="Ping target IP address."
	       ptype="IP_ADDR"/>
	<ACTION>lua utilCLIPing ("${ip_address}")</ACTION>
    </COMMAND>
    <!--===================================================-->
    <COMMAND name="util reboot" 
	     help="Reboot the system.">
	<ACTION>lua utilCLIReboot()</ACTION>
    </COMMAND>
    <!--===================================================-->

</CLISH_MODULE>