<?xml version="1.0" encoding="UTF-8"?>
<CLISH_MODULE xmlns="http://clish.sourceforge.net/XMLSchema" 
			  xmlns:xsi="http://www.w3.org/2001/XMLSchema-instance" 
			  xsi:schemaLocation="http://clish.sourceforge.net/XMLSchema
              http://clish.sourceforge.net/XMLSchema/clish.xsd">
<!--=======================================================-->
    <COMMAND name="show system emaillog"
            help="Display logging email configuration">
	    <ACTION>lua clishCmdExec (sysEmailSchedGet)</ACTION>
    </COMMAND>
    <!--===================================================-->
    <COMMAND name="show system logging"
            help="Display logging configuration">
	     <PARAM name="facility" 
		    help="Name of the facility."
		    default="all"
		    ptype="STRING"/>		    
	    <ACTION>lua clishCmdExec (sysLoggingGet, "${facility}")</ACTION>
    </COMMAND>

<!--=======================================================-->
</CLISH_MODULE>